model,train_profile,test_profile,snr_db,ber,errors,trials,num_rows
single_branch_n0_gate,tdl_A_10_30_100_mix_normalized,tdl_A_100ns,-10.0,0.3948072268639082,4191602,10616832,6
single_branch_n0_gate,tdl_A_10_30_100_mix_normalized,tdl_A_100ns,-8.0,0.36281717559437693,3851969,10616832,6
single_branch_n0_gate,tdl_A_10_30_100_mix_normalized,tdl_A_100ns,-6.0,0.32526463638117287,3453280,10616832,6
single_branch_n0_gate,tdl_A_10_30_100_mix_normalized,tdl_A_100ns,-4.0,0.2819687643168885,2993615,10616832,6
single_branch_n0_gate,tdl_A_10_30_100_mix_normalized,tdl_A_100ns,-2.0,0.2334606029369213,2478612,10616832,6
single_branch_n0_gate,tdl_A_10_30_100_mix_normalized,tdl_A_100ns,0.0,0.18119962715808255,1923766,10616832,6
single_branch_n0_gate,tdl_A_10_30_100_mix_normalized,tdl_A_100ns,2.0,0.12938294587311922,1373637,10616832,6
single_branch_n0_gate,tdl_A_10_30_100_mix_normalized,tdl_A_100ns,4.0,0.08307091983748072,881950,10616832,6
single_branch_n0_gate,tdl_A_10_30_100_mix_normalized,tdl_A_100ns,6.0,0.04800104211877893,509619,10616832,6
single_branch_n0_gate,tdl_A_10_30_100_mix_normalized,tdl_A_100ns,8.0,0.025640699598524306,272223,10616832,6
single_branch_n0_gate,tdl_A_10_30_100_mix_normalized,tdl_A_100ns,10.0,0.013631090705777392,144719,10616832,6
single_branch_n0_gate,tdl_A_10_30_100_mix_normalized,tdl_A_100ns,12.0,0.007696646231192129,81714,10616832,6
single_branch_n0_gate,tdl_A_10_30_100_mix_normalized,tdl_A_100ns,14.0,0.004661277488425926,49488,10616832,6
single_branch_n0_gate,tdl_A_10_30_100_mix_normalized,tdl_A_100ns,16.0,0.0029540827244888116,31363,10616832,6
single_branch_n0_gate,tdl_A_10_30_100_mix_normalized,tdl_A_100ns,18.0,0.0019220422815393518,20406,10616832,6
single_branch_n0_gate,tdl_A_10_30_100_mix_normalized,tdl_A_100ns,20.0,0.0012993518217110339,13795,10616832,6
single_branch_n0_gate,tdl_A_10_30_100_mix_normalized,tdl_A_10ns,-10.0,0.3901253217532311,4141895,10616832,6
single_branch_n0_gate,tdl_A_10_30_100_mix_normalized,tdl_A_10ns,-8.0,0.35680389404296875,3788127,10616832,6
single_branch_n0_gate,tdl_A_10_30_100_mix_normalized,tdl_A_10ns,-6.0,0.3177308447567033,3373295,10616832,6
single_branch_n0_gate,tdl_A_10_30_100_mix_normalized,tdl_A_10ns,-4.0,0.27263095055097414,2894477,10616832,6
single_branch_n0_gate,tdl_A_10_30_100_mix_normalized,tdl_A_10ns,-2.0,0.22164521393952547,2353170,10616832,6
single_branch_n0_gate,tdl_A_10_30_100_mix_normalized,tdl_A_10ns,0.0,0.16650221082899305,1767726,10616832,6
single_branch_n0_gate,tdl_A_10_30_100_mix_normalized,tdl_A_10ns,2.0,0.11144539161964699,1183197,10616832,6
single_branch_n0_gate,tdl_A_10_30_100_mix_normalized,tdl_A_10ns,4.0,0.06308699242862655,669784,10616832,6
single_branch_n0_gate,tdl_A_10_30_100_mix_normalized,tdl_A_10ns,6.0,0.028096516927083332,298296,10616832,6
single_branch_n0_gate,tdl_A_10_30_100_mix_normalized,tdl_A_10ns,8.0,0.00917260440779321,97384,10616832,6
single_branch_n0_gate,tdl_A_10_30_100_mix_normalized,tdl_A_10ns,10.0,0.0023638878339602622,25097,10616832,6
single_branch_n0_gate,tdl_A_10_30_100_mix_normalized,tdl_A_10ns,12.0,0.0007442898220486111,7902,10616832,6
single_branch_n0_gate,tdl_A_10_30_100_mix_normalized,tdl_A_10ns,14.0,0.0003813755365065586,4049,10616832,6
single_branch_n0_gate,tdl_A_10_30_100_mix_normalized,tdl_A_10ns,16.0,0.00023396809895833334,2484,10616832,6
single_branch_n0_gate,tdl_A_10_30_100_mix_normalized,tdl_A_10ns,18.0,0.0001476900077160494,1568,10616832,6
single_branch_n0_gate,tdl_A_10_30_100_mix_normalized,tdl_A_10ns,20.0,9.654480733989198e-05,1025,10616832,6
single_branch_n0_gate,tdl_A_10_30_100_mix_normalized,tdl_A_300ns,-10.0,0.3996117674274209,4242611,10616832,6
single_branch_n0_gate,tdl_A_10_30_100_mix_normalized,tdl_A_300ns,-8.0,0.3686131606867284,3913504,10616832,6
single_branch_n0_gate,tdl_A_10_30_100_mix_normalized,tdl_A_300ns,-6.0,0.3324158279984086,3529203,10616832,6
single_branch_n0_gate,tdl_A_10_30_100_mix_normalized,tdl_A_300ns,-4.0,0.29078259880160107,3087190,10616832,6
single_branch_n0_gate,tdl_A_10_30_100_mix_normalized,tdl_A_300ns,-2.0,0.24422181682822144,2592862,10616832,6
single_branch_n0_gate,tdl_A_10_30_100_mix_normalized,tdl_A_300ns,0.0,0.19445659496166087,2064513,10616832,6
single_branch_n0_gate,tdl_A_10_30_100_mix_normalized,tdl_A_300ns,2.0,0.14492873203607254,1538684,10616832,6
single_branch_n0_gate,tdl_A_10_30_100_mix_normalized,tdl_A_300ns,4.0,0.10033407329041281,1065230,10616832,6
single_branch_n0_gate,tdl_A_10_30_100_mix_normalized,tdl_A_300ns,6.0,0.06491465627411265,689188,10616832,6
single_branch_n0_gate,tdl_A_10_30_100_mix_normalized,tdl_A_300ns,8.0,0.04007570243176119,425477,10616832,6
single_branch_n0_gate,tdl_A_10_30_100_mix_normalized,tdl_A_300ns,10.0,0.024463041329089507,259720,10616832,6
single_branch_n0_gate,tdl_A_10_30_100_mix_normalized,tdl_A_300ns,12.0,0.015205854251060956,161438,10616832,6
single_branch_n0_gate,tdl_A_10_30_100_mix_normalized,tdl_A_300ns,14.0,0.009763929578993056,103662,10616832,6
single_branch_n0_gate,tdl_A_10_30_100_mix_normalized,tdl_A_300ns,16.0,0.006507779345100309,69092,10616832,6
single_branch_n0_gate,tdl_A_10_30_100_mix_normalized,tdl_A_300ns,18.0,0.004498705451871142,47762,10616832,6
single_branch_n0_gate,tdl_A_10_30_100_mix_normalized,tdl_A_300ns,20.0,0.003246448658130787,34467,10616832,6
single_branch_n0_gate,tdl_A_10_30_100_mix_normalized,tdl_A_30ns,-10.0,0.3911015074930073,4152259,10616832,6
single_branch_n0_gate,tdl_A_10_30_100_mix_normalized,tdl_A_30ns,-8.0,0.3581039993851273,3801930,10616832,6
single_branch_n0_gate,tdl_A_10_30_100_mix_normalized,tdl_A_30ns,-6.0,0.31941873055917247,3391215,10616832,6
single_branch_n0_gate,tdl_A_10_30_100_mix_normalized,tdl_A_30ns,-4.0,0.27466922336154515,2916117,10616832,6
single_branch_n0_gate,tdl_A_10_30_100_mix_normalized,tdl_A_30ns,-2.0,0.22423139030550732,2380627,10616832,6
single_branch_n0_gate,tdl_A_10_30_100_mix_normalized,tdl_A_30ns,0.0,0.1696380803614487,1801019,10616832,6
single_branch_n0_gate,tdl_A_10_30_100_mix_normalized,tdl_A_30ns,2.0,0.1152894761827257,1224009,10616832,6
single_branch_n0_gate,tdl_A_10_30_100_mix_normalized,tdl_A_30ns,4.0,0.06731367699893905,714658,10616832,6
single_branch_n0_gate,tdl_A_10_30_100_mix_normalized,tdl_A_30ns,6.0,0.032115324043933254,340963,10616832,6
single_branch_n0_gate,tdl_A_10_30_100_mix_normalized,tdl_A_30ns,8.0,0.012216827015817902,129704,10616832,6
single_branch_n0_gate,tdl_A_10_30_100_mix_normalized,tdl_A_30ns,10.0,0.00415519431785301,44115,10616832,6
single_branch_n0_gate,tdl_A_10_30_100_mix_normalized,tdl_A_30ns,12.0,0.0016957977671682098,18004,10616832,6
single_branch_n0_gate,tdl_A_10_30_100_mix_normalized,tdl_A_30ns,14.0,0.0008837852948977623,9383,10616832,6
single_branch_n0_gate,tdl_A_10_30_100_mix_normalized,tdl_A_30ns,16.0,0.0005190813982928241,5511,10616832,6
single_branch_n0_gate,tdl_A_10_30_100_mix_normalized,tdl_A_30ns,18.0,0.00032636854383680556,3465,10616832,6
single_branch_n0_gate,tdl_A_10_30_100_mix_normalized,tdl_A_30ns,20.0,0.00021296371648341048,2261,10616832,6
single_branch_n0_gate,tdl_A_10_30_100_mix_normalized,tdl_B_100ns,-10.0,0.3955770421911169,4199775,10616832,6
single_branch_n0_gate,tdl_A_10_30_100_mix_normalized,tdl_B_100ns,-8.0,0.36338862666377314,3858036,10616832,6
single_branch_n0_gate,tdl_A_10_30_100_mix_normalized,tdl_B_100ns,-6.0,0.32583900734230326,3459378,10616832,6
single_branch_n0_gate,tdl_A_10_30_100_mix_normalized,tdl_B_100ns,-4.0,0.28247107988522374,2998948,10616832,6
single_branch_n0_gate,tdl_A_10_30_100_mix_normalized,tdl_B_100ns,-2.0,0.23370549708236882,2481212,10616832,6
single_branch_n0_gate,tdl_A_10_30_100_mix_normalized,tdl_B_100ns,0.0,0.18147701687282985,1926711,10616832,6
single_branch_n0_gate,tdl_A_10_30_100_mix_normalized,tdl_B_100ns,2.0,0.1297234429253472,1377252,10616832,6
single_branch_n0_gate,tdl_A_10_30_100_mix_normalized,tdl_B_100ns,4.0,0.08363954520519869,887987,10616832,6
single_branch_n0_gate,tdl_A_10_30_100_mix_normalized,tdl_B_100ns,6.0,0.04839080057026428,513757,10616832,6
single_branch_n0_gate,tdl_A_10_30_100_mix_normalized,tdl_B_100ns,8.0,0.025856300636574073,274512,10616832,6
single_branch_n0_gate,tdl_A_10_30_100_mix_normalized,tdl_B_100ns,10.0,0.013577779134114584,144153,10616832,6
single_branch_n0_gate,tdl_A_10_30_100_mix_normalized,tdl_B_100ns,12.0,0.007487826877170139,79497,10616832,6
single_branch_n0_gate,tdl_A_10_30_100_mix_normalized,tdl_B_100ns,14.0,0.004377953800154321,46480,10616832,6
single_branch_n0_gate,tdl_A_10_30_100_mix_normalized,tdl_B_100ns,16.0,0.0026678391444830245,28324,10616832,6
single_branch_n0_gate,tdl_A_10_30_100_mix_normalized,tdl_B_100ns,18.0,0.0016713083526234567,17744,10616832,6
single_branch_n0_gate,tdl_A_10_30_100_mix_normalized,tdl_B_100ns,20.0,0.0010584136586130402,11237,10616832,6
single_branch_n0_gate,tdl_A_10_30_100_mix_normalized,tdl_B_10ns,-10.0,0.39047495524088544,4145607,10616832,6
single_branch_n0_gate,tdl_A_10_30_100_mix_normalized,tdl_B_10ns,-8.0,0.3569661835093557,3789850,10616832,6
single_branch_n0_gate,tdl_A_10_30_100_mix_normalized,tdl_B_10ns,-6.0,0.3180230223102334,3376397,10616832,6
single_branch_n0_gate,tdl_A_10_30_100_mix_normalized,tdl_B_10ns,-4.0,0.2727537743839217,2895781,10616832,6
single_branch_n0_gate,tdl_A_10_30_100_mix_normalized,tdl_B_10ns,-2.0,0.22163372275270063,2353048,10616832,6
single_branch_n0_gate,tdl_A_10_30_100_mix_normalized,tdl_B_10ns,0.0,0.16634340639467593,1766040,10616832,6
single_branch_n0_gate,tdl_A_10_30_100_mix_normalized,tdl_B_10ns,2.0,0.11119333902994792,1180521,10616832,6
single_branch_n0_gate,tdl_A_10_30_100_mix_normalized,tdl_B_10ns,4.0,0.06289870650679977,667785,10616832,6
single_branch_n0_gate,tdl_A_10_30_100_mix_normalized,tdl_B_10ns,6.0,0.027964839228877315,296898,10616832,6
single_branch_n0_gate,tdl_A_10_30_100_mix_normalized,tdl_B_10ns,8.0,0.009104599187403549,96662,10616832,6
single_branch_n0_gate,tdl_A_10_30_100_mix_normalized,tdl_B_10ns,10.0,0.0022715815791377316,24117,10616832,6
single_branch_n0_gate,tdl_A_10_30_100_mix_normalized,tdl_B_10ns,12.0,0.0006886234989872685,7311,10616832,6
single_branch_n0_gate,tdl_A_10_30_100_mix_normalized,tdl_B_10ns,14.0,0.0003561326015142747,3781,10616832,6
single_branch_n0_gate,tdl_A_10_30_100_mix_normalized,tdl_B_10ns,16.0,0.00021286952642746913,2260,10616832,6
single_branch_n0_gate,tdl_A_10_30_100_mix_normalized,tdl_B_10ns,18.0,0.00013365568938078704,1419,10616832,6
single_branch_n0_gate,tdl_A_10_30_100_mix_normalized,tdl_B_10ns,20.0,9.004569347993826e-05,956,10616832,6
single_branch_n0_gate,tdl_A_10_30_100_mix_normalized,tdl_B_300ns,-10.0,0.4012313654393326,4259806,10616832,6
single_branch_n0_gate,tdl_A_10_30_100_mix_normalized,tdl_B_300ns,-8.0,0.37055046175733025,3934072,10616832,6
single_branch_n0_gate,tdl_A_10_30_100_mix_normalized,tdl_B_300ns,-6.0,0.33449413158275465,3551268,10616832,6
single_branch_n0_gate,tdl_A_10_30_100_mix_normalized,tdl_B_300ns,-4.0,0.2932571599512924,3113462,10616832,6
single_branch_n0_gate,tdl_A_10_30_100_mix_normalized,tdl_B_300ns,-2.0,0.2471957736545139,2624436,10616832,6
single_branch_n0_gate,tdl_A_10_30_100_mix_normalized,tdl_B_300ns,0.0,0.19803807764877507,2102537,10616832,6
single_branch_n0_gate,tdl_A_10_30_100_mix_normalized,tdl_B_300ns,2.0,0.1494359145929784,1586536,10616832,6
single_branch_n0_gate,tdl_A_10_30_100_mix_normalized,tdl_B_300ns,4.0,0.10559204478322724,1121053,10616832,6
single_branch_n0_gate,tdl_A_10_30_100_mix_normalized,tdl_B_300ns,6.0,0.07030892077787423,746458,10616832,6
single_branch_n0_gate,tdl_A_10_30_100_mix_normalized,tdl_B_300ns,8.0,0.04512645580150463,479100,10616832,6
single_branch_n0_gate,tdl_A_10_30_100_mix_normalized,tdl_B_300ns,10.0,0.02861088882257909,303757,10616832,6
single_branch_n0_gate,tdl_A_10_30_100_mix_normalized,tdl_B_300ns,12.0,0.018213531117380402,193370,10616832,6
single_branch_n0_gate,tdl_A_10_30_100_mix_normalized,tdl_B_300ns,14.0,0.011794196234809028,125217,10616832,6
single_branch_n0_gate,tdl_A_10_30_100_mix_normalized,tdl_B_300ns,16.0,0.007747508861400463,82254,10616832,6
single_branch_n0_gate,tdl_A_10_30_100_mix_normalized,tdl_B_300ns,18.0,0.0052404521424093365,55637,10616832,6
single_branch_n0_gate,tdl_A_10_30_100_mix_normalized,tdl_B_300ns,20.0,0.0036812299563560957,39083,10616832,6
single_branch_n0_gate,tdl_A_10_30_100_mix_normalized,tdl_B_30ns,-10.0,0.39157387062355326,4157274,10616832,6
single_branch_n0_gate,tdl_A_10_30_100_mix_normalized,tdl_B_30ns,-8.0,0.35835671130521796,3804613,10616832,6
single_branch_n0_gate,tdl_A_10_30_100_mix_normalized,tdl_B_30ns,-6.0,0.31953194700641396,3392417,10616832,6
single_branch_n0_gate,tdl_A_10_30_100_mix_normalized,tdl_B_30ns,-4.0,0.2747328016493056,2916792,10616832,6
single_branch_n0_gate,tdl_A_10_30_100_mix_normalized,tdl_B_30ns,-2.0,0.22419522132402586,2380243,10616832,6
single_branch_n0_gate,tdl_A_10_30_100_mix_normalized,tdl_B_30ns,0.0,0.16957421950352045,1800341,10616832,6
single_branch_n0_gate,tdl_A_10_30_100_mix_normalized,tdl_B_30ns,2.0,0.1151804040979456,1222851,10616832,6
single_branch_n0_gate,tdl_A_10_30_100_mix_normalized,tdl_B_30ns,4.0,0.06722617443696952,713729,10616832,6
single_branch_n0_gate,tdl_A_10_30_100_mix_normalized,tdl_B_30ns,6.0,0.03200954861111111,339840,10616832,6
single_branch_n0_gate,tdl_A_10_30_100_mix_normalized,tdl_B_30ns,8.0,0.01210718979070216,128540,10616832,6
single_branch_n0_gate,tdl_A_10_30_100_mix_normalized,tdl_B_30ns,10.0,0.004026436511381173,42748,10616832,6
single_branch_n0_gate,tdl_A_10_30_100_mix_normalized,tdl_B_30ns,12.0,0.0015572441948784722,16533,10616832,6
single_branch_n0_gate,tdl_A_10_30_100_mix_normalized,tdl_B_30ns,14.0,0.0008020283263406636,8515,10616832,6
single_branch_n0_gate,tdl_A_10_30_100_mix_normalized,tdl_B_30ns,16.0,0.0004732108410493827,5024,10616832,6
single_branch_n0_gate,tdl_A_10_30_100_mix_normalized,tdl_B_30ns,18.0,0.00028709129050925923,3048,10616832,6
single_branch_n0_gate,tdl_A_10_30_100_mix_normalized,tdl_B_30ns,20.0,0.00019026391300154321,2020,10616832,6
single_branch_n0_gate,tdl_A_10_30_100_mix_normalized,tdl_C_100ns,-10.0,0.3948921862943673,4192504,10616832,6
single_branch_n0_gate,tdl_A_10_30_100_mix_normalized,tdl_C_100ns,-8.0,0.3625164267457562,3848776,10616832,6
single_branch_n0_gate,tdl_A_10_30_100_mix_normalized,tdl_C_100ns,-6.0,0.3245758245020737,3445967,10616832,6
single_branch_n0_gate,tdl_A_10_30_100_mix_normalized,tdl_C_100ns,-4.0,0.2807737750771605,2980928,10616832,6
single_branch_n0_gate,tdl_A_10_30_100_mix_normalized,tdl_C_100ns,-2.0,0.2313453768506462,2456155,10616832,6
single_branch_n0_gate,tdl_A_10_30_100_mix_normalized,tdl_C_100ns,0.0,0.17857756438078703,1895928,10616832,6
single_branch_n0_gate,tdl_A_10_30_100_mix_normalized,tdl_C_100ns,2.0,0.12614742326147763,1339286,10616832,6
single_branch_n0_gate,tdl_A_10_30_100_mix_normalized,tdl_C_100ns,4.0,0.07946004985291281,843614,10616832,6
single_branch_n0_gate,tdl_A_10_30_100_mix_normalized,tdl_C_100ns,6.0,0.04416920226297261,468937,10616832,6
single_branch_n0_gate,tdl_A_10_30_100_mix_normalized,tdl_C_100ns,8.0,0.02202540268132716,233840,10616832,6
single_branch_n0_gate,tdl_A_10_30_100_mix_normalized,tdl_C_100ns,10.0,0.010772987648292823,114375,10616832,6
single_branch_n0_gate,tdl_A_10_30_100_mix_normalized,tdl_C_100ns,12.0,0.005610619062258873,59567,10616832,6
single_branch_n0_gate,tdl_A_10_30_100_mix_normalized,tdl_C_100ns,14.0,0.0032070772147472994,34049,10616832,6
single_branch_n0_gate,tdl_A_10_30_100_mix_normalized,tdl_C_100ns,16.0,0.001933910228587963,20532,10616832,6
single_branch_n0_gate,tdl_A_10_30_100_mix_normalized,tdl_C_100ns,18.0,0.0012188193238811729,12940,10616832,6
single_branch_n0_gate,tdl_A_10_30_100_mix_normalized,tdl_C_100ns,20.0,0.0007928918909143518,8418,10616832,6
single_branch_n0_gate,tdl_A_10_30_100_mix_normalized,tdl_C_10ns,-10.0,0.39081234402126735,4149189,10616832,6
single_branch_n0_gate,tdl_A_10_30_100_mix_normalized,tdl_C_10ns,-8.0,0.3572269015842014,3792618,10616832,6
single_branch_n0_gate,tdl_A_10_30_100_mix_normalized,tdl_C_10ns,-6.0,0.31809008563006363,3377109,10616832,6
single_branch_n0_gate,tdl_A_10_30_100_mix_normalized,tdl_C_10ns,-4.0,0.27281650496117865,2896447,10616832,6
single_branch_n0_gate,tdl_A_10_30_100_mix_normalized,tdl_C_10ns,-2.0,0.22164559069974923,2353174,10616832,6
single_branch_n0_gate,tdl_A_10_30_100_mix_normalized,tdl_C_10ns,0.0,0.16642883677541473,1766947,10616832,6
single_branch_n0_gate,tdl_A_10_30_100_mix_normalized,tdl_C_10ns,2.0,0.11132369806737076,1181905,10616832,6
single_branch_n0_gate,tdl_A_10_30_100_mix_normalized,tdl_C_10ns,4.0,0.06295945909288195,668430,10616832,6
single_branch_n0_gate,tdl_A_10_30_100_mix_normalized,tdl_C_10ns,6.0,0.028052341790846837,297827,10616832,6
single_branch_n0_gate,tdl_A_10_30_100_mix_normalized,tdl_C_10ns,8.0,0.009173640498408565,97395,10616832,6
single_branch_n0_gate,tdl_A_10_30_100_mix_normalized,tdl_C_10ns,10.0,0.0022731828100887347,24134,10616832,6
single_branch_n0_gate,tdl_A_10_30_100_mix_normalized,tdl_C_10ns,12.0,0.000642187801408179,6818,10616832,6
single_branch_n0_gate,tdl_A_10_30_100_mix_normalized,tdl_C_10ns,14.0,0.00029660448615933643,3149,10616832,6
single_branch_n0_gate,tdl_A_10_30_100_mix_normalized,tdl_C_10ns,16.0,0.00016907115041473765,1795,10616832,6
single_branch_n0_gate,tdl_A_10_30_100_mix_normalized,tdl_C_10ns,18.0,0.00010342068142361111,1098,10616832,6
single_branch_n0_gate,tdl_A_10_30_100_mix_normalized,tdl_C_10ns,20.0,6.838198061342593e-05,726,10616832,6
single_branch_n0_gate,tdl_A_10_30_100_mix_normalized,tdl_C_300ns,-10.0,0.40052531677999614,4252310,10616832,6
single_branch_n0_gate,tdl_A_10_30_100_mix_normalized,tdl_C_300ns,-8.0,0.3695674001434703,3923635,10616832,6
single_branch_n0_gate,tdl_A_10_30_100_mix_normalized,tdl_C_300ns,-6.0,0.3333246678481867,3538852,10616832,6
single_branch_n0_gate,tdl_A_10_30_100_mix_normalized,tdl_C_300ns,-4.0,0.2917382511091821,3097336,10616832,6
single_branch_n0_gate,tdl_A_10_30_100_mix_normalized,tdl_C_300ns,-2.0,0.2452474523473669,2603751,10616832,6
single_branch_n0_gate,tdl_A_10_30_100_mix_normalized,tdl_C_300ns,0.0,0.19552028326340665,2075806,10616832,6
single_branch_n0_gate,tdl_A_10_30_100_mix_normalized,tdl_C_300ns,2.0,0.14624127046561536,1552619,10616832,6
single_branch_n0_gate,tdl_A_10_30_100_mix_normalized,tdl_C_300ns,4.0,0.10184883777006173,1081312,10616832,6
single_branch_n0_gate,tdl_A_10_30_100_mix_normalized,tdl_C_300ns,6.0,0.06640248239776235,704984,10616832,6
single_branch_n0_gate,tdl_A_10_30_100_mix_normalized,tdl_C_300ns,8.0,0.041521048840181325,440822,10616832,6
single_branch_n0_gate,tdl_A_10_30_100_mix_normalized,tdl_C_300ns,10.0,0.025674513828607252,272582,10616832,6
single_branch_n0_gate,tdl_A_10_30_100_mix_normalized,tdl_C_300ns,12.0,0.01619183575665509,171906,10616832,6
single_branch_n0_gate,tdl_A_10_30_100_mix_normalized,tdl_C_300ns,14.0,0.010586679717640818,112397,10616832,6
single_branch_n0_gate,tdl_A_10_30_100_mix_normalized,tdl_C_300ns,16.0,0.0071768113124517745,76195,10616832,6
single_branch_n0_gate,tdl_A_10_30_100_mix_normalized,tdl_C_300ns,18.0,0.005099638008777006,54142,10616832,6
single_branch_n0_gate,tdl_A_10_30_100_mix_normalized,tdl_C_300ns,20.0,0.003835984218267747,40726,10616832,6
single_branch_n0_gate,tdl_A_10_30_100_mix_normalized,tdl_C_30ns,-10.0,0.3917985139069734,4159659,10616832,6
single_branch_n0_gate,tdl_A_10_30_100_mix_normalized,tdl_C_30ns,-8.0,0.35859265739535107,3807118,10616832,6
single_branch_n0_gate,tdl_A_10_30_100_mix_normalized,tdl_C_30ns,-6.0,0.31980067123601463,3395270,10616832,6
single_branch_n0_gate,tdl_A_10_30_100_mix_normalized,tdl_C_30ns,-4.0,0.27503034803602433,2919951,10616832,6
single_branch_n0_gate,tdl_A_10_30_100_mix_normalized,tdl_C_30ns,-2.0,0.22431653811607832,2381531,10616832,6
single_branch_n0_gate,tdl_A_10_30_100_mix_normalized,tdl_C_30ns,0.0,0.1698321118766879,1803079,10616832,6
single_branch_n0_gate,tdl_A_10_30_100_mix_normalized,tdl_C_30ns,2.0,0.11536859582971644,1224849,10616832,6
single_branch_n0_gate,tdl_A_10_30_100_mix_normalized,tdl_C_30ns,4.0,0.06733854317370756,714922,10616832,6
single_branch_n0_gate,tdl_A_10_30_100_mix_normalized,tdl_C_30ns,6.0,0.032198964813609184,341851,10616832,6
single_branch_n0_gate,tdl_A_10_30_100_mix_normalized,tdl_C_30ns,8.0,0.012296982753423997,130555,10616832,6
single_branch_n0_gate,tdl_A_10_30_100_mix_normalized,tdl_C_30ns,10.0,0.004107345769434799,43607,10616832,6
single_branch_n0_gate,tdl_A_10_30_100_mix_normalized,tdl_C_30ns,12.0,0.0015892688138985339,16873,10616832,6
single_branch_n0_gate,tdl_A_10_30_100_mix_normalized,tdl_C_30ns,14.0,0.0007915732301311729,8404,10616832,6
single_branch_n0_gate,tdl_A_10_30_100_mix_normalized,tdl_C_30ns,16.0,0.0004505110375675154,4783,10616832,6
single_branch_n0_gate,tdl_A_10_30_100_mix_normalized,tdl_C_30ns,18.0,0.00027597686390817903,2930,10616832,6
single_branch_n0_gate,tdl_A_10_30_100_mix_normalized,tdl_C_30ns,20.0,0.00017227361231674383,1829,10616832,6
single_branch_n0_gate,tdl_A_10_30_100_mix_normalized,tdl_D_100ns,-10.0,0.3903520372178819,4144302,10616832,6
single_branch_n0_gate,tdl_A_10_30_100_mix_normalized,tdl_D_100ns,-8.0,0.3572487536771798,3792850,10616832,6
single_branch_n0_gate,tdl_A_10_30_100_mix_normalized,tdl_D_100ns,-6.0,0.31859720489125193,3382493,10616832,6
single_branch_n0_gate,tdl_A_10_30_100_mix_normalized,tdl_D_100ns,-4.0,0.273562866964458,2904371,10616832,6
single_branch_n0_gate,tdl_A_10_30_100_mix_normalized,tdl_D_100ns,-2.0,0.22271144537278165,2364490,10616832,6
single_branch_n0_gate,tdl_A_10_30_100_mix_normalized,tdl_D_100ns,0.0,0.16776464014877507,1781129,10616832,6
single_branch_n0_gate,tdl_A_10_30_100_mix_normalized,tdl_D_100ns,2.0,0.11298521065417631,1199545,10616832,6
single_branch_n0_gate,tdl_A_10_30_100_mix_normalized,tdl_D_100ns,4.0,0.06478269600573881,687787,10616832,6
single_branch_n0_gate,tdl_A_10_30_100_mix_normalized,tdl_D_100ns,6.0,0.029682206518856096,315131,10616832,6
single_branch_n0_gate,tdl_A_10_30_100_mix_normalized,tdl_D_100ns,8.0,0.009907663604359568,105188,10616832,6
single_branch_n0_gate,tdl_A_10_30_100_mix_normalized,tdl_D_100ns,10.0,0.0023010630666473767,24430,10616832,6
single_branch_n0_gate,tdl_A_10_30_100_mix_normalized,tdl_D_100ns,12.0,0.00037779631438078704,4011,10616832,6
single_branch_n0_gate,tdl_A_10_30_100_mix_normalized,tdl_D_100ns,14.0,5.463023244598765e-05,580,10616832,6
single_branch_n0_gate,tdl_A_10_30_100_mix_normalized,tdl_D_100ns,16.0,1.139699676890432e-05,121,10616832,6
single_branch_n0_gate,tdl_A_10_30_100_mix_normalized,tdl_D_100ns,18.0,3.6734121817129628e-06,39,10616832,6
single_branch_n0_gate,tdl_A_10_30_100_mix_normalized,tdl_D_100ns,20.0,7.535204475308642e-07,8,10616832,6
single_branch_n0_gate,tdl_A_10_30_100_mix_normalized,tdl_D_10ns,-10.0,0.3891157927336516,4131177,10616832,6
single_branch_n0_gate,tdl_A_10_30_100_mix_normalized,tdl_D_10ns,-8.0,0.3557345543378665,3776774,10616832,6
single_branch_n0_gate,tdl_A_10_30_100_mix_normalized,tdl_D_10ns,-6.0,0.3166794011622299,3362132,10616832,6
single_branch_n0_gate,tdl_A_10_30_100_mix_normalized,tdl_D_10ns,-4.0,0.2712602026668596,2879924,10616832,6
single_branch_n0_gate,tdl_A_10_30_100_mix_normalized,tdl_D_10ns,-2.0,0.21982009322554977,2333793,10616832,6
single_branch_n0_gate,tdl_A_10_30_100_mix_normalized,tdl_D_10ns,0.0,0.16413888813536845,1742635,10616832,6
single_branch_n0_gate,tdl_A_10_30_100_mix_normalized,tdl_D_10ns,2.0,0.10852832558714313,1152227,10616832,6
single_branch_n0_gate,tdl_A_10_30_100_mix_normalized,tdl_D_10ns,4.0,0.05990610004943094,636013,10616832,6
single_branch_n0_gate,tdl_A_10_30_100_mix_normalized,tdl_D_10ns,6.0,0.025186420958719136,267400,10616832,6
single_branch_n0_gate,tdl_A_10_30_100_mix_normalized,tdl_D_10ns,8.0,0.007031099295910494,74648,10616832,6
single_branch_n0_gate,tdl_A_10_30_100_mix_normalized,tdl_D_10ns,10.0,0.001057094997829861,11223,10616832,6
single_branch_n0_gate,tdl_A_10_30_100_mix_normalized,tdl_D_10ns,12.0,7.393919391396605e-05,785,10616832,6
single_branch_n0_gate,tdl_A_10_30_100_mix_normalized,tdl_D_10ns,14.0,1.8838011188271604e-06,20,10616832,6
single_branch_n0_gate,tdl_A_10_30_100_mix_normalized,tdl_D_10ns,16.0,0.0,0,10616832,6
single_branch_n0_gate,tdl_A_10_30_100_mix_normalized,tdl_D_10ns,18.0,0.0,0,10616832,6
single_branch_n0_gate,tdl_A_10_30_100_mix_normalized,tdl_D_10ns,20.0,0.0,0,10616832,6
single_branch_n0_gate,tdl_A_10_30_100_mix_normalized,tdl_D_300ns,-10.0,0.3921401412398727,4163286,10616832,6
single_branch_n0_gate,tdl_A_10_30_100_mix_normalized,tdl_D_300ns,-8.0,0.35936077730155286,3815273,10616832,6
single_branch_n0_gate,tdl_A_10_30_100_mix_normalized,tdl_D_300ns,-6.0,0.32083572576075425,3406259,10616832,6
single_branch_n0_gate,tdl_A_10_30_100_mix_normalized,tdl_D_300ns,-4.0,0.27651723225911456,2935737,10616832,6
single_branch_n0_gate,tdl_A_10_30_100_mix_normalized,tdl_D_300ns,-2.0,0.22647311363691164,2404427,10616832,6
single_branch_n0_gate,tdl_A_10_30_100_mix_normalized,tdl_D_300ns,0.0,0.17263624403211805,1832850,10616832,6
single_branch_n0_gate,tdl_A_10_30_100_mix_normalized,tdl_D_300ns,2.0,0.1188846164279514,1262178,10616832,6
single_branch_n0_gate,tdl_A_10_30_100_mix_normalized,tdl_D_300ns,4.0,0.07148007993344907,758892,10616832,6
single_branch_n0_gate,tdl_A_10_30_100_mix_normalized,tdl_D_300ns,6.0,0.035892627857349535,381066,10616832,6
single_branch_n0_gate,tdl_A_10_30_100_mix_normalized,tdl_D_300ns,8.0,0.014541814356674383,154388,10616832,6
single_branch_n0_gate,tdl_A_10_30_100_mix_normalized,tdl_D_300ns,10.0,0.004787397973331405,50827,10616832,6
single_branch_n0_gate,tdl_A_10_30_100_mix_normalized,tdl_D_300ns,12.0,0.0013966501494984567,14828,10616832,6
single_branch_n0_gate,tdl_A_10_30_100_mix_normalized,tdl_D_300ns,14.0,0.0004368534794560185,4638,10616832,6
single_branch_n0_gate,tdl_A_10_30_100_mix_normalized,tdl_D_300ns,16.0,0.0001730271327642747,1837,10616832,6
single_branch_n0_gate,tdl_A_10_30_100_mix_normalized,tdl_D_300ns,18.0,9.560290678047839e-05,1015,10616832,6
single_branch_n0_gate,tdl_A_10_30_100_mix_normalized,tdl_D_300ns,20.0,6.640398943865741e-05,705,10616832,6
single_branch_n0_gate,tdl_A_10_30_100_mix_normalized,tdl_D_30ns,-10.0,0.38945779682677467,4134808,10616832,6
single_branch_n0_gate,tdl_A_10_30_100_mix_normalized,tdl_D_30ns,-8.0,0.35620691746841243,3781789,10616832,6
single_branch_n0_gate,tdl_A_10_30_100_mix_normalized,tdl_D_30ns,-6.0,0.31727110309365353,3368414,10616832,6
single_branch_n0_gate,tdl_A_10_30_100_mix_normalized,tdl_D_30ns,-4.0,0.27193243709611303,2887061,10616832,6
single_branch_n0_gate,tdl_A_10_30_100_mix_normalized,tdl_D_30ns,-2.0,0.2207131091459298,2343274,10616832,6
single_branch_n0_gate,tdl_A_10_30_100_mix_normalized,tdl_D_30ns,0.0,0.16519475866247108,1753845,10616832,6
single_branch_n0_gate,tdl_A_10_30_100_mix_normalized,tdl_D_30ns,2.0,0.10993674949363426,1167180,10616832,6
single_branch_n0_gate,tdl_A_10_30_100_mix_normalized,tdl_D_30ns,4.0,0.061445919083960264,652361,10616832,6
single_branch_n0_gate,tdl_A_10_30_100_mix_normalized,tdl_D_30ns,6.0,0.026529006016107252,281654,10616832,6
single_branch_n0_gate,tdl_A_10_30_100_mix_normalized,tdl_D_30ns,8.0,0.007869108223620757,83545,10616832,6
single_branch_n0_gate,tdl_A_10_30_100_mix_normalized,tdl_D_30ns,10.0,0.001385158962673611,14706,10616832,6
single_branch_n0_gate,tdl_A_10_30_100_mix_normalized,tdl_D_30ns,12.0,0.00014401659553433643,1529,10616832,6
single_branch_n0_gate,tdl_A_10_30_100_mix_normalized,tdl_D_30ns,14.0,1.3940128279320987e-05,148,10616832,6
single_branch_n0_gate,tdl_A_10_30_100_mix_normalized,tdl_D_30ns,16.0,5.3688331886574075e-06,57,10616832,6
single_branch_n0_gate,tdl_A_10_30_100_mix_normalized,tdl_D_30ns,18.0,2.0721812307098764e-06,22,10616832,6
single_branch_n0_gate,tdl_A_10_30_100_mix_normalized,tdl_D_30ns,20.0,1.0360906153549382e-06,11,10616832,6
single_branch_n0_gate,tdl_A_10_30_100_mix_normalized,tdl_E_100ns,-10.0,0.39074443299093364,4148468,10616832,6
single_branch_n0_gate,tdl_A_10_30_100_mix_normalized,tdl_E_100ns,-8.0,0.3577169724452643,3797821,10616832,6
single_branch_n0_gate,tdl_A_10_30_100_mix_normalized,tdl_E_100ns,-6.0,0.31898281898027586,3386587,10616832,6
single_branch_n0_gate,tdl_A_10_30_100_mix_normalized,tdl_E_100ns,-4.0,0.27403183925298996,2909350,10616832,6
single_branch_n0_gate,tdl_A_10_30_100_mix_normalized,tdl_E_100ns,-2.0,0.2232394748263889,2370096,10616832,6
single_branch_n0_gate,tdl_A_10_30_100_mix_normalized,tdl_E_100ns,0.0,0.16850742292992862,1789015,10616832,6
single_branch_n0_gate,tdl_A_10_30_100_mix_normalized,tdl_E_100ns,2.0,0.1138034396701389,1208232,10616832,6
single_branch_n0_gate,tdl_A_10_30_100_mix_normalized,tdl_E_100ns,4.0,0.06566874186197917,697194,10616832,6
single_branch_n0_gate,tdl_A_10_30_100_mix_normalized,tdl_E_100ns,6.0,0.03050250771604938,323840,10616832,6
single_branch_n0_gate,tdl_A_10_30_100_mix_normalized,tdl_E_100ns,8.0,0.01061804500626929,112730,10616832,6
single_branch_n0_gate,tdl_A_10_30_100_mix_normalized,tdl_E_100ns,10.0,0.00267236026716821,28372,10616832,6
single_branch_n0_gate,tdl_A_10_30_100_mix_normalized,tdl_E_100ns,12.0,0.0005249211817611883,5573,10616832,6
single_branch_n0_gate,tdl_A_10_30_100_mix_normalized,tdl_E_100ns,14.0,0.00011218035662615741,1191,10616832,6
single_branch_n0_gate,tdl_A_10_30_100_mix_normalized,tdl_E_100ns,16.0,3.315489969135802e-05,352,10616832,6
single_branch_n0_gate,tdl_A_10_30_100_mix_normalized,tdl_E_100ns,18.0,1.0831856433256174e-05,115,10616832,6
single_branch_n0_gate,tdl_A_10_30_100_mix_normalized,tdl_E_100ns,20.0,4.144362461419753e-06,44,10616832,6
single_branch_n0_gate,tdl_A_10_30_100_mix_normalized,tdl_E_10ns,-10.0,0.38922863242066935,4132375,10616832,6
single_branch_n0_gate,tdl_A_10_30_100_mix_normalized,tdl_E_10ns,-8.0,0.3558026537483121,3777497,10616832,6
single_branch_n0_gate,tdl_A_10_30_100_mix_normalized,tdl_E_10ns,-6.0,0.3167012532552083,3362364,10616832,6
single_branch_n0_gate,tdl_A_10_30_100_mix_normalized,tdl_E_10ns,-4.0,0.27132914978780864,2880656,10616832,6
single_branch_n0_gate,tdl_A_10_30_100_mix_normalized,tdl_E_10ns,-2.0,0.21989902449242862,2334631,10616832,6
single_branch_n0_gate,tdl_A_10_30_100_mix_normalized,tdl_E_10ns,0.0,0.1642007710021219,1743292,10616832,6
single_branch_n0_gate,tdl_A_10_30_100_mix_normalized,tdl_E_10ns,2.0,0.10845975522641782,1151499,10616832,6
single_branch_n0_gate,tdl_A_10_30_100_mix_normalized,tdl_E_10ns,4.0,0.05989008773992091,635843,10616832,6
single_branch_n0_gate,tdl_A_10_30_100_mix_normalized,tdl_E_10ns,6.0,0.02517285759066358,267256,10616832,6
single_branch_n0_gate,tdl_A_10_30_100_mix_normalized,tdl_E_10ns,8.0,0.00703637393904321,74704,10616832,6
single_branch_n0_gate,tdl_A_10_30_100_mix_normalized,tdl_E_10ns,10.0,0.0010662314332561729,11320,10616832,6
single_branch_n0_gate,tdl_A_10_30_100_mix_normalized,tdl_E_10ns,12.0,7.38450038580247e-05,784,10616832,6
single_branch_n0_gate,tdl_A_10_30_100_mix_normalized,tdl_E_10ns,14.0,1.8838011188271604e-06,20,10616832,6
single_branch_n0_gate,tdl_A_10_30_100_mix_normalized,tdl_E_10ns,16.0,9.419005594135802e-08,1,10616832,6
single_branch_n0_gate,tdl_A_10_30_100_mix_normalized,tdl_E_10ns,18.0,0.0,0,10616832,6
single_branch_n0_gate,tdl_A_10_30_100_mix_normalized,tdl_E_10ns,20.0,0.0,0,10616832,6
single_branch_n0_gate,tdl_A_10_30_100_mix_normalized,tdl_E_300ns,-10.0,0.3921342072663484,4163223,10616832,6
single_branch_n0_gate,tdl_A_10_30_100_mix_normalized,tdl_E_300ns,-8.0,0.35925236454716436,3814122,10616832,6
single_branch_n0_gate,tdl_A_10_30_100_mix_normalized,tdl_E_300ns,-6.0,0.3210550944010417,3408588,10616832,6
single_branch_n0_gate,tdl_A_10_30_100_mix_normalized,tdl_E_300ns,-4.0,0.2767796457549672,2938523,10616832,6
single_branch_n0_gate,tdl_A_10_30_100_mix_normalized,tdl_E_300ns,-2.0,0.22698927514347028,2409907,10616832,6
single_branch_n0_gate,tdl_A_10_30_100_mix_normalized,tdl_E_300ns,0.0,0.1733496395158179,1840424,10616832,6
single_branch_n0_gate,tdl_A_10_30_100_mix_normalized,tdl_E_300ns,2.0,0.11955845208815587,1269332,10616832,6
single_branch_n0_gate,tdl_A_10_30_100_mix_normalized,tdl_E_300ns,4.0,0.0719217371057581,763581,10616832,6
single_branch_n0_gate,tdl_A_10_30_100_mix_normalized,tdl_E_300ns,6.0,0.03608091377917631,383065,10616832,6
single_branch_n0_gate,tdl_A_10_30_100_mix_normalized,tdl_E_300ns,8.0,0.014703444492669753,156104,10616832,6
single_branch_n0_gate,tdl_A_10_30_100_mix_normalized,tdl_E_300ns,10.0,0.004872451593846451,51730,10616832,6
single_branch_n0_gate,tdl_A_10_30_100_mix_normalized,tdl_E_300ns,12.0,0.0014295224790219908,15177,10616832,6
single_branch_n0_gate,tdl_A_10_30_100_mix_normalized,tdl_E_300ns,14.0,0.0004295066550925926,4560,10616832,6
single_branch_n0_gate,tdl_A_10_30_100_mix_normalized,tdl_E_300ns,16.0,0.00014797257788387347,1571,10616832,6
single_branch_n0_gate,tdl_A_10_30_100_mix_normalized,tdl_E_300ns,18.0,5.5666323061342596e-05,591,10616832,6
single_branch_n0_gate,tdl_A_10_30_100_mix_normalized,tdl_E_300ns,20.0,2.4489414544753087e-05,260,10616832,6
single_branch_n0_gate,tdl_A_10_30_100_mix_normalized,tdl_E_30ns,-10.0,0.38955942789713544,4135887,10616832,6
single_branch_n0_gate,tdl_A_10_30_100_mix_normalized,tdl_E_30ns,-8.0,0.35622603804976855,3781992,10616832,6
single_branch_n0_gate,tdl_A_10_30_100_mix_normalized,tdl_E_30ns,-6.0,0.3172080899462288,3367745,10616832,6
single_branch_n0_gate,tdl_A_10_30_100_mix_normalized,tdl_E_30ns,-4.0,0.2718357980987172,2886035,10616832,6
single_branch_n0_gate,tdl_A_10_30_100_mix_normalized,tdl_E_30ns,-2.0,0.2205414006739487,2341451,10616832,6
single_branch_n0_gate,tdl_A_10_30_100_mix_normalized,tdl_E_30ns,0.0,0.16509811966507523,1752819,10616832,6
single_branch_n0_gate,tdl_A_10_30_100_mix_normalized,tdl_E_30ns,2.0,0.10960397602599344,1163647,10616832,6
single_branch_n0_gate,tdl_A_10_30_100_mix_normalized,tdl_E_30ns,4.0,0.061157414942611885,649298,10616832,6
single_branch_n0_gate,tdl_A_10_30_100_mix_normalized,tdl_E_30ns,6.0,0.02627789532696759,278988,10616832,6
single_branch_n0_gate,tdl_A_10_30_100_mix_normalized,tdl_E_30ns,8.0,0.007723207826967593,81996,10616832,6
single_branch_n0_gate,tdl_A_10_30_100_mix_normalized,tdl_E_30ns,10.0,0.0013286449291087963,14106,10616832,6
single_branch_n0_gate,tdl_A_10_30_100_mix_normalized,tdl_E_30ns,12.0,0.0001249902042341821,1327,10616832,6
single_branch_n0_gate,tdl_A_10_30_100_mix_normalized,tdl_E_30ns,14.0,1.0737666377314815e-05,114,10616832,6
single_branch_n0_gate,tdl_A_10_30_100_mix_normalized,tdl_E_30ns,16.0,2.1663712866512344e-06,23,10616832,6
single_branch_n0_gate,tdl_A_10_30_100_mix_normalized,tdl_E_30ns,18.0,5.651403356481481e-07,6,10616832,6
single_branch_n0_gate,tdl_A_10_30_100_mix_normalized,tdl_E_30ns,20.0,0.0,0,10616832,6
single_branch_n0_gate,tdl_A_10_30_100_mix_normalized,uma_normalized,-10.0,0.40434820858048803,4292897,10616832,6
single_branch_n0_gate,tdl_A_10_30_100_mix_normalized,uma_normalized,-8.0,0.37425806492934993,3973435,10616832,6
single_branch_n0_gate,tdl_A_10_30_100_mix_normalized,uma_normalized,-6.0,0.33919317928361303,3601157,10616832,6
single_branch_n0_gate,tdl_A_10_30_100_mix_normalized,uma_normalized,-4.0,0.2988914207175926,3173280,10616832,6
single_branch_n0_gate,tdl_A_10_30_100_mix_normalized,uma_normalized,-2.0,0.2535243093231578,2691625,10616832,6
single_branch_n0_gate,tdl_A_10_30_100_mix_normalized,uma_normalized,0.0,0.20514989782262733,2178042,10616832,6
single_branch_n0_gate,tdl_A_10_30_100_mix_normalized,uma_normalized,2.0,0.1567911218713831,1664625,10616832,6
single_branch_n0_gate,tdl_A_10_30_100_mix_normalized,uma_normalized,4.0,0.11344061957465278,1204380,10616832,6
single_branch_n0_gate,tdl_A_10_30_100_mix_normalized,uma_normalized,6.0,0.07871651355131173,835720,10616832,6
single_branch_n0_gate,tdl_A_10_30_100_mix_normalized,uma_normalized,8.0,0.054146660698784724,574866,10616832,6
single_branch_n0_gate,tdl_A_10_30_100_mix_normalized,uma_normalized,10.0,0.038342134452160496,407072,10616832,6
single_branch_n0_gate,tdl_A_10_30_100_mix_normalized,uma_normalized,12.0,0.028463763955198687,302195,10616832,6
single_branch_n0_gate,tdl_A_10_30_100_mix_normalized,uma_normalized,14.0,0.0222042695975598,235739,10616832,6
single_branch_n0_gate,tdl_A_10_30_100_mix_normalized,uma_normalized,16.0,0.018175666714891976,192968,10616832,6
single_branch_n0_gate,tdl_A_10_30_100_mix_normalized,uma_normalized,18.0,0.015503212257667823,164595,10616832,6
single_branch_n0_gate,tdl_A_10_30_100_mix_normalized,uma_normalized,20.0,0.013728106463396991,145749,10616832,6
single_branch_n0_gate,tdl_A_10_30_100_mix_normalized,umi_normalized,-10.0,0.39556988374686536,4199699,10616832,6
single_branch_n0_gate,tdl_A_10_30_100_mix_normalized,umi_normalized,-8.0,0.3630072511272666,3853987,10616832,6
single_branch_n0_gate,tdl_A_10_30_100_mix_normalized,umi_normalized,-6.0,0.32528083707079475,3453452,10616832,6
single_branch_n0_gate,tdl_A_10_30_100_mix_normalized,umi_normalized,-4.0,0.28165633590133105,2990298,10616832,6
single_branch_n0_gate,tdl_A_10_30_100_mix_normalized,umi_normalized,-2.0,0.23285496087721835,2472182,10616832,6
single_branch_n0_gate,tdl_A_10_30_100_mix_normalized,umi_normalized,0.0,0.18047747199918018,1916099,10616832,6
single_branch_n0_gate,tdl_A_10_30_100_mix_normalized,umi_normalized,2.0,0.1284044995720004,1363249,10616832,6
single_branch_n0_gate,tdl_A_10_30_100_mix_normalized,umi_normalized,4.0,0.0820868221330054,871502,10616832,6
single_branch_n0_gate,tdl_A_10_30_100_mix_normalized,umi_normalized,6.0,0.04703116711275077,499322,10616832,6
single_branch_n0_gate,tdl_A_10_30_100_mix_normalized,umi_normalized,8.0,0.025129718545042437,266798,10616832,6
single_branch_n0_gate,tdl_A_10_30_100_mix_normalized,umi_normalized,10.0,0.013762203263647762,146111,10616832,6
single_branch_n0_gate,tdl_A_10_30_100_mix_normalized,umi_normalized,12.0,0.008237956482687114,87461,10616832,6
single_branch_n0_gate,tdl_A_10_30_100_mix_normalized,umi_normalized,14.0,0.00527473732277199,56001,10616832,6
single_branch_n0_gate,tdl_A_10_30_100_mix_normalized,umi_normalized,16.0,0.003535046989535108,37531,10616832,6
single_branch_n0_gate,tdl_A_10_30_100_mix_normalized,umi_normalized,18.0,0.002432740764853395,25828,10616832,6
single_branch_n0_gate,tdl_A_10_30_100_mix_normalized,umi_normalized,20.0,0.0017340389298804012,18410,10616832,6
