spatial_id,source_csv,ebno_db,bler,post_ldpc_ber,pre_ldpc_coded_ber,coded_bce,block_errors,num_blocks,num_layer_blocks,info_bit_errors,coded_bit_errors,k_per_layer,n_per_layer,coderate,decoder_iterations,target_reached,num_batches,receiver,csi,model,checkpoint_model,train_seed,eval_seed,common_random_numbers,checkpoint,checkpoint_epoch,phase_mode,num_layers,num_rx_ant,total_tx_power,train_profile,test_profile,backend,scenario,tdl_model,delay_ns,bler_ci95_low,bler_ci95_high
layer2_rx2,runs/su_mimo_lmmse_umi_uma_matrix_v1/layer2_rx2/umi_normalized/lmmse_ls/bler.csv,3.0,0.9715909090909091,0.18682374964927048,0.1959903943953423,0.39808069843502025,513,528,1056,170455,357637,864,1728,0.5,20,1,33,lmmse_ls,ls,lmmse_ls,su_mimo_phase_sensitive,-1,777000,1,/home/ahhy/projects/phase_invariant_receiver_sionna/checkpoints/generalization/umi_uma_mix_normalized/su_mimo_phase_sensitive_seed0/su_mimo_phase_sensitive_layer2_rx2_seed0.pt,129,uniform,2,2,1.0,umi_uma_mix_normalized,umi_normalized,umi,umi,,,0.9536598168544017,0.9827094558688376
layer2_rx2,runs/su_mimo_lmmse_umi_uma_matrix_v1/layer2_rx2/umi_normalized/lmmse_ls/bler.csv,5.0,0.8631756756756757,0.1418117336086086,0.16628933621121122,0.3393399407555749,511,592,1184,145070,340220,864,1728,0.5,20,1,37,lmmse_ls,ls,lmmse_ls,su_mimo_phase_sensitive,-1,777000,1,/home/ahhy/projects/phase_invariant_receiver_sionna/checkpoints/generalization/umi_uma_mix_normalized/su_mimo_phase_sensitive_seed0/su_mimo_phase_sensitive_layer2_rx2_seed0.pt,129,uniform,2,2,1.0,umi_uma_mix_normalized,umi_normalized,umi,umi,,,0.8331411220011865,0.8885273581530274
layer2_rx2,runs/su_mimo_lmmse_umi_uma_matrix_v1/layer2_rx2/umi_normalized/lmmse_ls/bler.csv,7.0,0.6929347826086957,0.1053004856078905,0.13773541289251207,0.28235148884440003,510,736,1472,133922,350346,864,1728,0.5,20,1,46,lmmse_ls,ls,lmmse_ls,su_mimo_phase_sensitive,-1,777000,1,/home/ahhy/projects/phase_invariant_receiver_sionna/checkpoints/generalization/umi_uma_mix_normalized/su_mimo_phase_sensitive_seed0/su_mimo_phase_sensitive_layer2_rx2_seed0.pt,129,uniform,2,2,1.0,umi_uma_mix_normalized,umi_normalized,umi,umi,,,0.6586795089577978,0.7251865161399246
layer2_rx2,runs/su_mimo_lmmse_umi_uma_matrix_v1/layer2_rx2/umi_normalized/lmmse_ls/bler.csv,9.0,0.5387931034482759,0.0780408135775862,0.11407229056912516,0.23379300593720848,500,928,1856,125145,365849,864,1728,0.5,20,1,58,lmmse_ls,ls,lmmse_ls,su_mimo_phase_sensitive,-1,777000,1,/home/ahhy/projects/phase_invariant_receiver_sionna/checkpoints/generalization/umi_uma_mix_normalized/su_mimo_phase_sensitive_seed0/su_mimo_phase_sensitive_layer2_rx2_seed0.pt,129,uniform,2,2,1.0,umi_uma_mix_normalized,umi_normalized,umi,umi,,,0.5066264437629288,0.5706399187909769
layer2_rx2,runs/su_mimo_lmmse_umi_uma_matrix_v1/layer2_rx2/umi_normalized/lmmse_ls/bler.csv,11.0,0.4166666666666667,0.05672164351851852,0.09179494598765432,0.18859824357209382,500,1200,2400,117618,380692,864,1728,0.5,20,1,75,lmmse_ls,ls,lmmse_ls,su_mimo_phase_sensitive,-1,777000,1,/home/ahhy/projects/phase_invariant_receiver_sionna/checkpoints/generalization/umi_uma_mix_normalized/su_mimo_phase_sensitive_seed0/su_mimo_phase_sensitive_layer2_rx2_seed0.pt,129,uniform,2,2,1.0,umi_uma_mix_normalized,umi_normalized,umi,umi,,,0.38908188974810265,0.44478327701901976
layer2_rx2,runs/su_mimo_lmmse_umi_uma_matrix_v1/layer2_rx2/umi_normalized/lmmse_ls/bler.csv,13.0,0.2976190476190476,0.04034908234126984,0.07258821786816579,0.14948549312679016,500,1680,3360,117135,421453,864,1728,0.5,20,1,105,lmmse_ls,ls,lmmse_ls,su_mimo_phase_sensitive,-1,777000,1,/home/ahhy/projects/phase_invariant_receiver_sionna/checkpoints/generalization/umi_uma_mix_normalized/su_mimo_phase_sensitive_seed0/su_mimo_phase_sensitive_layer2_rx2_seed0.pt,129,uniform,2,2,1.0,umi_uma_mix_normalized,umi_normalized,umi,umi,,,0.27623780437612155,0.3199237009497722
layer2_rx2,runs/su_mimo_lmmse_umi_uma_matrix_v1/layer2_rx2/umi_normalized/lmmse_perfect/bler.csv,3.0,0.8125,0.11884663609924026,0.1529734612416904,0.31004683810647965,507,624,1248,128149,329894,864,1728,0.5,20,1,39,lmmse_perfect,perfect,lmmse_perfect,su_mimo_phase_sensitive,-1,777000,1,/home/ahhy/projects/phase_invariant_receiver_sionna/checkpoints/generalization/umi_uma_mix_normalized/su_mimo_phase_sensitive_seed0/su_mimo_phase_sensitive_layer2_rx2_seed0.pt,129,uniform,2,2,1.0,umi_uma_mix_normalized,umi_normalized,umi,umi,,,0.7799975440553784,0.8411783826388486
layer2_rx2,runs/su_mimo_lmmse_umi_uma_matrix_v1/layer2_rx2/umi_normalized/lmmse_perfect/bler.csv,5.0,0.6403061224489796,0.08659075609410431,0.12759604709939532,0.2591721429486033,502,784,1568,117309,345722,864,1728,0.5,20,1,49,lmmse_perfect,perfect,lmmse_perfect,su_mimo_phase_sensitive,-1,777000,1,/home/ahhy/projects/phase_invariant_receiver_sionna/checkpoints/generalization/umi_uma_mix_normalized/su_mimo_phase_sensitive_seed0/su_mimo_phase_sensitive_layer2_rx2_seed0.pt,129,uniform,2,2,1.0,umi_uma_mix_normalized,umi_normalized,umi,umi,,,0.606103891038017,0.6731401085470188
layer2_rx2,runs/su_mimo_lmmse_umi_uma_matrix_v1/layer2_rx2/umi_normalized/lmmse_perfect/bler.csv,7.0,0.48390151515151514,0.06192458438552188,0.10485908345608866,0.2133001213523274,511,1056,2112,112998,382687,864,1728,0.5,20,1,66,lmmse_perfect,perfect,lmmse_perfect,su_mimo_phase_sensitive,-1,777000,1,/home/ahhy/projects/phase_invariant_receiver_sionna/checkpoints/generalization/umi_uma_mix_normalized/su_mimo_phase_sensitive_seed0/su_mimo_phase_sensitive_layer2_rx2_seed0.pt,129,uniform,2,2,1.0,umi_uma_mix_normalized,umi_normalized,umi,umi,,,0.4538732563084536,0.5140464738388909
layer2_rx2,runs/su_mimo_lmmse_umi_uma_matrix_v1/layer2_rx2/umi_normalized/lmmse_perfect/bler.csv,9.0,0.351123595505618,0.042826512432376194,0.08350340882490637,0.17043963651383265,500,1424,2848,105382,410949,864,1728,0.5,20,1,89,lmmse_perfect,perfect,lmmse_perfect,su_mimo_phase_sensitive,-1,777000,1,/home/ahhy/projects/phase_invariant_receiver_sionna/checkpoints/generalization/umi_uma_mix_normalized/su_mimo_phase_sensitive_seed0/su_mimo_phase_sensitive_layer2_rx2_seed0.pt,129,uniform,2,2,1.0,umi_uma_mix_normalized,umi_normalized,umi,umi,,,0.3267626906311939,0.3762855733194853
layer2_rx2,runs/su_mimo_lmmse_umi_uma_matrix_v1/layer2_rx2/umi_normalized/lmmse_perfect/bler.csv,11.0,0.25,0.02934375,0.06542881944444444,0.13453942899350768,500,2000,4000,101412,452244,864,1728,0.5,20,1,125,lmmse_perfect,perfect,lmmse_perfect,su_mimo_phase_sensitive,-1,777000,1,/home/ahhy/projects/phase_invariant_receiver_sionna/checkpoints/generalization/umi_uma_mix_normalized/su_mimo_phase_sensitive_seed0/su_mimo_phase_sensitive_layer2_rx2_seed0.pt,129,uniform,2,2,1.0,umi_uma_mix_normalized,umi_normalized,umi,umi,,,0.23151413442481875,0.2694443892158077
layer2_rx2,runs/su_mimo_lmmse_umi_uma_matrix_v1/layer2_rx2/umi_normalized/lmmse_perfect/bler.csv,13.0,0.17826704545454544,0.020309910629734848,0.050568037964278195,0.10452349724793675,502,2816,5632,98829,492133,864,1728,0.5,20,1,176,lmmse_perfect,perfect,lmmse_perfect,su_mimo_phase_sensitive,-1,777000,1,/home/ahhy/projects/phase_invariant_receiver_sionna/checkpoints/generalization/umi_uma_mix_normalized/su_mimo_phase_sensitive_seed0/su_mimo_phase_sensitive_layer2_rx2_seed0.pt,129,uniform,2,2,1.0,umi_uma_mix_normalized,umi_normalized,umi,umi,,,0.16457197636022877,0.1928387056013701
layer2_rx2,runs/su_mimo_lmmse_umi_uma_matrix_v1/layer2_rx2/uma_normalized/lmmse_ls/bler.csv,3.0,0.982421875,0.17802824797453703,0.1888263843677662,0.3860785552748927,503,512,1024,157508,334123,864,1728,0.5,20,1,32,lmmse_ls,ls,lmmse_ls,su_mimo_phase_sensitive,-1,777000,1,/home/ahhy/projects/phase_invariant_receiver_sionna/checkpoints/generalization/umi_uma_mix_normalized/su_mimo_phase_sensitive_seed0/su_mimo_phase_sensitive_layer2_rx2_seed0.pt,129,uniform,2,2,1.0,umi_uma_mix_normalized,uma_normalized,uma,uma,,,0.9669335150663066,0.9907250669510682
layer2_rx2,runs/su_mimo_lmmse_umi_uma_matrix_v1/layer2_rx2/uma_normalized/lmmse_ls/bler.csv,5.0,0.8189102564102564,0.11716338734567901,0.1559972808345204,0.32233213585892523,511,624,1248,126334,336415,864,1728,0.5,20,1,39,lmmse_ls,ls,lmmse_ls,su_mimo_phase_sensitive,-1,777000,1,/home/ahhy/projects/phase_invariant_receiver_sionna/checkpoints/generalization/umi_uma_mix_normalized/su_mimo_phase_sensitive_seed0/su_mimo_phase_sensitive_layer2_rx2_seed0.pt,129,uniform,2,2,1.0,umi_uma_mix_normalized,uma_normalized,uma,uma,,,0.7867735621539887,0.8471444348314018
layer2_rx2,runs/su_mimo_lmmse_umi_uma_matrix_v1/layer2_rx2/uma_normalized/lmmse_ls/bler.csv,7.0,0.5798611111111112,0.07830517511145405,0.12833893282750342,0.2667422291346211,501,864,1728,116909,383218,864,1728,0.5,20,1,54,lmmse_ls,ls,lmmse_ls,su_mimo_phase_sensitive,-1,777000,1,/home/ahhy/projects/phase_invariant_receiver_sionna/checkpoints/generalization/umi_uma_mix_normalized/su_mimo_phase_sensitive_seed0/su_mimo_phase_sensitive_layer2_rx2_seed0.pt,129,uniform,2,2,1.0,umi_uma_mix_normalized,uma_normalized,uma,uma,,,0.5466669790311318,0.6123482403933096
layer2_rx2,runs/su_mimo_lmmse_umi_uma_matrix_v1/layer2_rx2/uma_normalized/lmmse_ls/bler.csv,9.0,0.4144736842105263,0.05127238669590643,0.10274703414351852,0.21551786366029557,504,1216,2432,107736,431794,864,1728,0.5,20,1,76,lmmse_ls,ls,lmmse_ls,su_mimo_phase_sensitive,-1,777000,1,/home/ahhy/projects/phase_invariant_receiver_sionna/checkpoints/generalization/umi_uma_mix_normalized/su_mimo_phase_sensitive_seed0/su_mimo_phase_sensitive_layer2_rx2_seed0.pt,129,uniform,2,2,1.0,umi_uma_mix_normalized,uma_normalized,uma,uma,,,0.38709661211064406,0.44238942601673026
layer2_rx2,runs/su_mimo_lmmse_umi_uma_matrix_v1/layer2_rx2/uma_normalized/lmmse_ls/bler.csv,11.0,0.26145833333333335,0.03086600597993827,0.07909267095871914,0.16883502499556835,502,1920,3840,102406,524821,864,1728,0.5,20,1,120,lmmse_ls,ls,lmmse_ls,su_mimo_phase_sensitive,-1,777000,1,/home/ahhy/projects/phase_invariant_receiver_sionna/checkpoints/generalization/umi_uma_mix_normalized/su_mimo_phase_sensitive_seed0/su_mimo_phase_sensitive_layer2_rx2_seed0.pt,129,uniform,2,2,1.0,umi_uma_mix_normalized,uma_normalized,uma,uma,,,0.24229290619239033,0.28157638365984944
layer2_rx2,runs/su_mimo_lmmse_umi_uma_matrix_v1/layer2_rx2/uma_normalized/lmmse_ls/bler.csv,13.0,0.16361256544502617,0.01931404674471592,0.05924640128102579,0.12907800876472447,500,3056,6112,101993,625733,864,1728,0.5,20,1,191,lmmse_ls,ls,lmmse_ls,su_mimo_phase_sensitive,-1,777000,1,/home/ahhy/projects/phase_invariant_receiver_sionna/checkpoints/generalization/umi_uma_mix_normalized/su_mimo_phase_sensitive_seed0/su_mimo_phase_sensitive_layer2_rx2_seed0.pt,129,uniform,2,2,1.0,umi_uma_mix_normalized,uma_normalized,uma,uma,,,0.15092085567375235,0.1771489062176329
layer2_rx2,runs/su_mimo_lmmse_umi_uma_matrix_v1/layer2_rx2/uma_normalized/lmmse_perfect/bler.csv,3.0,0.6915760869565217,0.08955990212359098,0.14333020393015297,0.2942778603466237,509,736,1472,113903,364577,864,1728,0.5,20,1,46,lmmse_perfect,perfect,lmmse_perfect,su_mimo_phase_sensitive,-1,777000,1,/home/ahhy/projects/phase_invariant_receiver_sionna/checkpoints/generalization/umi_uma_mix_normalized/su_mimo_phase_sensitive_seed0/su_mimo_phase_sensitive_layer2_rx2_seed0.pt,129,uniform,2,2,1.0,umi_uma_mix_normalized,uma_normalized,uma,uma,,,0.6572873176046526,0.7238754256261842
layer2_rx2,runs/su_mimo_lmmse_umi_uma_matrix_v1/layer2_rx2/uma_normalized/lmmse_perfect/bler.csv,5.0,0.490234375,0.058663262261284724,0.11684559009693286,0.24156144620091827,502,1024,2048,103803,413510,864,1728,0.5,20,1,64,lmmse_perfect,perfect,lmmse_perfect,su_mimo_phase_sensitive,-1,777000,1,/home/ahhy/projects/phase_invariant_receiver_sionna/checkpoints/generalization/umi_uma_mix_normalized/su_mimo_phase_sensitive_seed0/su_mimo_phase_sensitive_layer2_rx2_seed0.pt,129,uniform,2,2,1.0,umi_uma_mix_normalized,uma_normalized,uma,uma,,,0.45970952633114714,0.5208322198415095
layer2_rx2,runs/su_mimo_lmmse_umi_uma_matrix_v1/layer2_rx2/uma_normalized/lmmse_perfect/bler.csv,7.0,0.33311170212765956,0.036012377487194644,0.09176224512411348,0.19189364521215993,501,1504,3008,93593,476964,864,1728,0.5,20,1,94,lmmse_perfect,perfect,lmmse_perfect,su_mimo_phase_sensitive,-1,777000,1,/home/ahhy/projects/phase_invariant_receiver_sionna/checkpoints/generalization/umi_uma_mix_normalized/su_mimo_phase_sensitive_seed0/su_mimo_phase_sensitive_layer2_rx2_seed0.pt,129,uniform,2,2,1.0,umi_uma_mix_normalized,uma_normalized,uma,uma,,,0.30974322455054354,0.35733052709399477
layer2_rx2,runs/su_mimo_lmmse_umi_uma_matrix_v1/layer2_rx2/uma_normalized/lmmse_perfect/bler.csv,9.0,0.19778481012658228,0.02079785110466479,0.07003001567627755,0.14775289787242404,500,2528,5056,90853,611836,864,1728,0.5,20,1,158,lmmse_perfect,perfect,lmmse_perfect,su_mimo_phase_sensitive,-1,777000,1,/home/ahhy/projects/phase_invariant_receiver_sionna/checkpoints/generalization/umi_uma_mix_normalized/su_mimo_phase_sensitive_seed0/su_mimo_phase_sensitive_layer2_rx2_seed0.pt,129,uniform,2,2,1.0,umi_uma_mix_normalized,uma_normalized,uma,uma,,,0.18272086136119534,0.21376583622541942
layer2_rx2,runs/su_mimo_lmmse_umi_uma_matrix_v1/layer2_rx2/uma_normalized/lmmse_perfect/bler.csv,11.0,0.1223249027237354,0.013119207333549503,0.05237233334684393,0.11143433283206484,503,4112,8224,93219,744267,864,1728,0.5,20,1,257,lmmse_perfect,perfect,lmmse_perfect,su_mimo_phase_sensitive,-1,777000,1,/home/ahhy/projects/phase_invariant_receiver_sionna/checkpoints/generalization/umi_uma_mix_normalized/su_mimo_phase_sensitive_seed0/su_mimo_phase_sensitive_layer2_rx2_seed0.pt,129,uniform,2,2,1.0,umi_uma_mix_normalized,uma_normalized,uma,uma,,,0.11266098768508781,0.13269381252386936
layer2_rx2,runs/su_mimo_lmmse_umi_uma_matrix_v1/layer2_rx2/uma_normalized/lmmse_perfect/bler.csv,13.0,0.08044871794871795,0.008128932217473885,0.038840895432692306,0.08313013060480101,502,6240,12480,87652,837621,864,1728,0.5,20,1,390,lmmse_perfect,perfect,lmmse_perfect,su_mimo_phase_sensitive,-1,777000,1,/home/ahhy/projects/phase_invariant_receiver_sionna/checkpoints/generalization/umi_uma_mix_normalized/su_mimo_phase_sensitive_seed0/su_mimo_phase_sensitive_layer2_rx2_seed0.pt,129,uniform,2,2,1.0,umi_uma_mix_normalized,uma_normalized,uma,uma,,,0.07395554335826483,0.08745814170526502
layer2_rx4,runs/su_mimo_lmmse_umi_uma_matrix_v1/layer2_rx4/umi_normalized/lmmse_ls/bler.csv,3.0,0.6025943396226415,0.09328594514325646,0.12544904131726065,0.27955116849108896,511,848,1696,136696,367652,864,1728,0.5,20,1,53,lmmse_ls,ls,lmmse_ls,su_mimo_phase_sensitive,-1,777000,1,/home/ahhy/projects/phase_invariant_receiver_sionna/checkpoints/generalization/umi_uma_mix_normalized/su_mimo_phase_sensitive_seed0/su_mimo_phase_sensitive_layer2_rx4_seed0.pt,127,uniform,2,4,1.0,umi_uma_mix_normalized,umi_normalized,umi,umi,,,0.5692661017385333,0.6349972599448591
layer2_rx4,runs/su_mimo_lmmse_umi_uma_matrix_v1/layer2_rx4/umi_normalized/lmmse_ls/bler.csv,5.0,0.41694078947368424,0.06358459353679337,0.09418450368542886,0.21201685483460306,507,1216,2432,133607,395810,864,1728,0.5,20,1,76,lmmse_ls,ls,lmmse_ls,su_mimo_phase_sensitive,-1,777000,1,/home/ahhy/projects/phase_invariant_receiver_sionna/checkpoints/generalization/umi_uma_mix_normalized/su_mimo_phase_sensitive_seed0/su_mimo_phase_sensitive_layer2_rx4_seed0.pt,127,uniform,2,4,1.0,umi_uma_mix_normalized,umi_normalized,umi,umi,,,0.3895323445724514,0.44487236553201787
layer2_rx4,runs/su_mimo_lmmse_umi_uma_matrix_v1/layer2_rx4/umi_normalized/lmmse_ls/bler.csv,7.0,0.2932242990654206,0.043393989053305645,0.0692245573187089,0.15676646110466005,502,1712,3424,128374,409579,864,1728,0.5,20,1,107,lmmse_ls,ls,lmmse_ls,su_mimo_phase_sensitive,-1,777000,1,/home/ahhy/projects/phase_invariant_receiver_sionna/checkpoints/generalization/umi_uma_mix_normalized/su_mimo_phase_sensitive_seed0/su_mimo_phase_sensitive_layer2_rx4_seed0.pt,127,uniform,2,4,1.0,umi_uma_mix_normalized,umi_normalized,umi,umi,,,0.27214203047334706,0.31523243448065197
layer2_rx4,runs/su_mimo_lmmse_umi_uma_matrix_v1/layer2_rx4/umi_normalized/lmmse_ls/bler.csv,9.0,0.19772012578616352,0.02815857573375262,0.04937657414686699,0.11257052188316148,503,2544,5088,123786,434122,864,1728,0.5,20,1,159,lmmse_ls,ls,lmmse_ls,su_mimo_phase_sensitive,-1,777000,1,/home/ahhy/projects/phase_invariant_receiver_sionna/checkpoints/generalization/umi_uma_mix_normalized/su_mimo_phase_sensitive_seed0/su_mimo_phase_sensitive_layer2_rx4_seed0.pt,127,uniform,2,4,1.0,umi_uma_mix_normalized,umi_normalized,umi,umi,,,0.1827041556569838,0.2136476092162176
layer2_rx4,runs/su_mimo_lmmse_umi_uma_matrix_v1/layer2_rx4/umi_normalized/lmmse_ls/bler.csv,11.0,0.12651821862348178,0.017772588187884242,0.03388381937415655,0.07764649270964019,500,3952,7904,121370,462789,864,1728,0.5,20,1,247,lmmse_ls,ls,lmmse_ls,su_mimo_phase_sensitive,-1,777000,1,/home/ahhy/projects/phase_invariant_receiver_sionna/checkpoints/generalization/umi_uma_mix_normalized/su_mimo_phase_sensitive_seed0/su_mimo_phase_sensitive_layer2_rx4_seed0.pt,127,uniform,2,4,1.0,umi_uma_mix_normalized,umi_normalized,umi,umi,,,0.11651521378492978,0.13724658867111633
layer2_rx4,runs/su_mimo_lmmse_umi_uma_matrix_v1/layer2_rx4/umi_normalized/lmmse_ls/bler.csv,13.0,0.0786746231155779,0.011184394193188164,0.02359421710694677,0.0543529914105136,501,6368,12736,123072,519257,864,1728,0.5,20,1,398,lmmse_ls,ls,lmmse_ls,su_mimo_phase_sensitive,-1,777000,1,/home/ahhy/projects/phase_invariant_receiver_sionna/checkpoints/generalization/umi_uma_mix_normalized/su_mimo_phase_sensitive_seed0/su_mimo_phase_sensitive_layer2_rx4_seed0.pt,127,uniform,2,4,1.0,umi_uma_mix_normalized,umi_normalized,umi,umi,,,0.07231317522866694,0.08554408869121351
layer2_rx4,runs/su_mimo_lmmse_umi_uma_matrix_v1/layer2_rx4/umi_normalized/lmmse_perfect/bler.csv,3.0,0.29264018691588783,0.03479996863101419,0.07633463541666667,0.16631862093066213,501,1712,3424,102950,451647,864,1728,0.5,20,1,107,lmmse_perfect,perfect,lmmse_perfect,su_mimo_phase_sensitive,-1,777000,1,/home/ahhy/projects/phase_invariant_receiver_sionna/checkpoints/generalization/umi_uma_mix_normalized/su_mimo_phase_sensitive_seed0/su_mimo_phase_sensitive_layer2_rx4_seed0.pt,127,uniform,2,4,1.0,umi_uma_mix_normalized,umi_normalized,umi,umi,,,0.2715717698770658,0.314637086220871
layer2_rx4,runs/su_mimo_lmmse_umi_uma_matrix_v1/layer2_rx4/umi_normalized/lmmse_perfect/bler.csv,5.0,0.18455882352941178,0.020888863357843138,0.05427996068218954,0.11893753486001674,502,2720,5440,98181,510249,864,1728,0.5,20,1,170,lmmse_perfect,perfect,lmmse_perfect,su_mimo_phase_sensitive,-1,777000,1,/home/ahhy/projects/phase_invariant_receiver_sionna/checkpoints/generalization/umi_uma_mix_normalized/su_mimo_phase_sensitive_seed0/su_mimo_phase_sensitive_layer2_rx4_seed0.pt,127,uniform,2,4,1.0,umi_uma_mix_normalized,umi_normalized,umi,umi,,,0.17042819899762732,0.19957918728286714
layer2_rx4,runs/su_mimo_lmmse_umi_uma_matrix_v1/layer2_rx4/umi_normalized/lmmse_perfect/bler.csv,7.0,0.10888501742160278,0.011931731110465867,0.03764195380049039,0.08274726813678542,500,4592,9184,94678,597376,864,1728,0.5,20,1,287,lmmse_perfect,perfect,lmmse_perfect,su_mimo_phase_sensitive,-1,777000,1,/home/ahhy/projects/phase_invariant_receiver_sionna/checkpoints/generalization/umi_uma_mix_normalized/su_mimo_phase_sensitive_seed0/su_mimo_phase_sensitive_layer2_rx4_seed0.pt,127,uniform,2,4,1.0,umi_uma_mix_normalized,umi_normalized,umi,umi,,,0.1002003213341581,0.11822354463581439
layer2_rx4,runs/su_mimo_lmmse_umi_uma_matrix_v1/layer2_rx4/umi_normalized/lmmse_perfect/bler.csv,9.0,0.06880482456140351,0.007225626548286225,0.026641468942901234,0.05872659675312205,502,7296,14592,91097,671764,864,1728,0.5,20,1,456,lmmse_perfect,perfect,lmmse_perfect,su_mimo_phase_sensitive,-1,777000,1,/home/ahhy/projects/phase_invariant_receiver_sionna/checkpoints/generalization/umi_uma_mix_normalized/su_mimo_phase_sensitive_seed0/su_mimo_phase_sensitive_layer2_rx4_seed0.pt,127,uniform,2,4,1.0,umi_uma_mix_normalized,umi_normalized,umi,umi,,,0.06322071390546523,0.07484275836390557
layer2_rx4,runs/su_mimo_lmmse_umi_uma_matrix_v1/layer2_rx4/umi_normalized/lmmse_perfect/bler.csv,11.0,0.04234417344173442,0.004310087950416541,0.01824048785192713,0.04049670458524973,500,11808,23616,87944,744366,864,1728,0.5,20,1,738,lmmse_perfect,perfect,lmmse_perfect,su_mimo_phase_sensitive,-1,777000,1,/home/ahhy/projects/phase_invariant_receiver_sionna/checkpoints/generalization/umi_uma_mix_normalized/su_mimo_phase_sensitive_seed0/su_mimo_phase_sensitive_layer2_rx4_seed0.pt,127,uniform,2,4,1.0,umi_uma_mix_normalized,umi_normalized,umi,umi,,,0.038858423802977736,0.04612760164617511
layer2_rx4,runs/su_mimo_lmmse_umi_uma_matrix_v1/layer2_rx4/umi_normalized/lmmse_perfect/bler.csv,13.0,0.0249,0.0023561631944444446,0.012284722222222223,0.027475612924220384,498,20000,40000,81429,849120,864,1728,0.5,20,0,1250,lmmse_perfect,perfect,lmmse_perfect,su_mimo_phase_sensitive,-1,777000,1,/home/ahhy/projects/phase_invariant_receiver_sionna/checkpoints/generalization/umi_uma_mix_normalized/su_mimo_phase_sensitive_seed0/su_mimo_phase_sensitive_layer2_rx4_seed0.pt,127,uniform,2,4,1.0,umi_uma_mix_normalized,umi_normalized,umi,umi,,,0.022829996503253635,0.02715247615725697
layer2_rx4,runs/su_mimo_lmmse_umi_uma_matrix_v1/layer2_rx4/uma_normalized/lmmse_ls/bler.csv,3.0,0.48653846153846153,0.06324786324786325,0.11298160389957265,0.2550793639615051,506,1040,2080,113664,406083,864,1728,0.5,20,1,65,lmmse_ls,ls,lmmse_ls,su_mimo_phase_sensitive,-1,777000,1,/home/ahhy/projects/phase_invariant_receiver_sionna/checkpoints/generalization/umi_uma_mix_normalized/su_mimo_phase_sensitive_seed0/su_mimo_phase_sensitive_layer2_rx4_seed0.pt,127,uniform,2,4,1.0,umi_uma_mix_normalized,uma_normalized,uma,uma,,,0.4562669717706318,0.5169090313825351
layer2_rx4,runs/su_mimo_lmmse_umi_uma_matrix_v1/layer2_rx4/uma_normalized/lmmse_ls/bler.csv,5.0,0.2692307692307692,0.03530556297483381,0.07849565477603672,0.18080831774053185,504,1872,3744,114207,507838,864,1728,0.5,20,1,117,lmmse_ls,ls,lmmse_ls,su_mimo_phase_sensitive,-1,777000,1,/home/ahhy/projects/phase_invariant_receiver_sionna/checkpoints/generalization/umi_uma_mix_normalized/su_mimo_phase_sensitive_seed0/su_mimo_phase_sensitive_layer2_rx4_seed0.pt,127,uniform,2,4,1.0,umi_uma_mix_normalized,uma_normalized,uma,uma,,,0.24962524197331207,0.2897814621821765
layer2_rx4,runs/su_mimo_lmmse_umi_uma_matrix_v1/layer2_rx4/uma_normalized/lmmse_ls/bler.csv,7.0,0.15365853658536585,0.020336495031616983,0.051935216943315266,0.12165014338902556,504,3280,6560,115264,588721,864,1728,0.5,20,1,205,lmmse_ls,ls,lmmse_ls,su_mimo_phase_sensitive,-1,777000,1,/home/ahhy/projects/phase_invariant_receiver_sionna/checkpoints/generalization/umi_uma_mix_normalized/su_mimo_phase_sensitive_seed0/su_mimo_phase_sensitive_layer2_rx4_seed0.pt,127,uniform,2,4,1.0,umi_uma_mix_normalized,uma_normalized,uma,uma,,,0.14172291699233633,0.1664044611132043
layer2_rx4,runs/su_mimo_lmmse_umi_uma_matrix_v1/layer2_rx4/uma_normalized/lmmse_ls/bler.csv,9.0,0.09752321981424149,0.012859360666781332,0.03458532878611971,0.08247668883106384,504,5168,10336,114838,617715,864,1728,0.5,20,1,323,lmmse_ls,ls,lmmse_ls,su_mimo_phase_sensitive,-1,777000,1,/home/ahhy/projects/phase_invariant_receiver_sionna/checkpoints/generalization/umi_uma_mix_normalized/su_mimo_phase_sensitive_seed0/su_mimo_phase_sensitive_layer2_rx4_seed0.pt,127,uniform,2,4,1.0,umi_uma_mix_normalized,uma_normalized,uma,uma,,,0.08973131470081824,0.1059130156362951
layer2_rx4,runs/su_mimo_lmmse_umi_uma_matrix_v1/layer2_rx4/uma_normalized/lmmse_ls/bler.csv,11.0,0.057763401109057304,0.007476482807900322,0.022274042143749572,0.055543534326595784,500,8656,17312,111830,666331,864,1728,0.5,20,1,541,lmmse_ls,ls,lmmse_ls,su_mimo_phase_sensitive,-1,777000,1,/home/ahhy/projects/phase_invariant_receiver_sionna/checkpoints/generalization/umi_uma_mix_normalized/su_mimo_phase_sensitive_seed0/su_mimo_phase_sensitive_layer2_rx4_seed0.pt,127,uniform,2,4,1.0,umi_uma_mix_normalized,uma_normalized,uma,uma,,,0.05304206391576346,0.06287708582781606
layer2_rx4,runs/su_mimo_lmmse_umi_uma_matrix_v1/layer2_rx4/uma_normalized/lmmse_ls/bler.csv,13.0,0.03527088036117382,0.0045612922989298555,0.014627740351454728,0.04006388714468038,500,14176,28352,111734,716646,864,1728,0.5,20,1,886,lmmse_ls,ls,lmmse_ls,su_mimo_phase_sensitive,-1,777000,1,/home/ahhy/projects/phase_invariant_receiver_sionna/checkpoints/generalization/umi_uma_mix_normalized/su_mimo_phase_sensitive_seed0/su_mimo_phase_sensitive_layer2_rx4_seed0.pt,127,uniform,2,4,1.0,umi_uma_mix_normalized,uma_normalized,uma,uma,,,0.032358020685014956,0.03843553943594435
layer2_rx4,runs/su_mimo_lmmse_umi_uma_matrix_v1/layer2_rx4/uma_normalized/lmmse_perfect/bler.csv,3.0,0.1481042654028436,0.015900124243022642,0.060783001881472704,0.13749024879310934,500,3376,6752,92757,709183,864,1728,0.5,20,1,211,lmmse_perfect,perfect,lmmse_perfect,su_mimo_phase_sensitive,-1,777000,1,/home/ahhy/projects/phase_invariant_receiver_sionna/checkpoints/generalization/umi_uma_mix_normalized/su_mimo_phase_sensitive_seed0/su_mimo_phase_sensitive_layer2_rx4_seed0.pt,127,uniform,2,4,1.0,umi_uma_mix_normalized,uma_normalized,uma,uma,,,0.13652250676470248,0.1604859390607292
layer2_rx4,runs/su_mimo_lmmse_umi_uma_matrix_v1/layer2_rx4/uma_normalized/lmmse_perfect/bler.csv,5.0,0.08643250688705234,0.008713934643148659,0.0401275918114223,0.09130753757831771,502,5808,11616,87455,805459,864,1728,0.5,20,1,363,lmmse_perfect,perfect,lmmse_perfect,su_mimo_phase_sensitive,-1,777000,1,/home/ahhy/projects/phase_invariant_receiver_sionna/checkpoints/generalization/umi_uma_mix_normalized/su_mimo_phase_sensitive_seed0/su_mimo_phase_sensitive_layer2_rx4_seed0.pt,127,uniform,2,4,1.0,umi_uma_mix_normalized,uma_normalized,uma,uma,,,0.0794763214915878,0.09393540454424242
layer2_rx4,runs/su_mimo_lmmse_umi_uma_matrix_v1/layer2_rx4/uma_normalized/lmmse_perfect/bler.csv,7.0,0.045421511627906974,0.00437534276418497,0.02545765327236757,0.05832633120388845,500,11008,22016,83227,968502,864,1728,0.5,20,1,688,lmmse_perfect,perfect,lmmse_perfect,su_mimo_phase_sensitive,-1,777000,1,/home/ahhy/projects/phase_invariant_receiver_sionna/checkpoints/generalization/umi_uma_mix_normalized/su_mimo_phase_sensitive_seed0/su_mimo_phase_sensitive_layer2_rx4_seed0.pt,127,uniform,2,4,1.0,umi_uma_mix_normalized,uma_normalized,uma,uma,,,0.041687708447730176,0.04947247239710009
layer2_rx4,runs/su_mimo_lmmse_umi_uma_matrix_v1/layer2_rx4/uma_normalized/lmmse_perfect/bler.csv,9.0,0.0236,0.002145167824074074,0.016005512152777776,0.03692174029306129,472,20000,40000,74137,1106301,864,1728,0.5,20,0,1250,lmmse_perfect,perfect,lmmse_perfect,su_mimo_phase_sensitive,-1,777000,1,/home/ahhy/projects/phase_invariant_receiver_sionna/checkpoints/generalization/umi_uma_mix_normalized/su_mimo_phase_sensitive_seed0/su_mimo_phase_sensitive_layer2_rx4_seed0.pt,127,uniform,2,4,1.0,umi_uma_mix_normalized,uma_normalized,uma,uma,,,0.021585906672928982,0.0257970652813275
layer2_rx4,runs/su_mimo_lmmse_umi_uma_matrix_v1/layer2_rx4/uma_normalized/lmmse_perfect/bler.csv,11.0,0.01175,0.0010260127314814815,0.009839583333333334,0.022885063057696376,235,20000,40000,35459,680112,864,1728,0.5,20,0,1250,lmmse_perfect,perfect,lmmse_perfect,su_mimo_phase_sensitive,-1,777000,1,/home/ahhy/projects/phase_invariant_receiver_sionna/checkpoints/generalization/umi_uma_mix_normalized/su_mimo_phase_sensitive_seed0/su_mimo_phase_sensitive_layer2_rx4_seed0.pt,127,uniform,2,4,1.0,umi_uma_mix_normalized,uma_normalized,uma,uma,,,0.010347532370722064,0.013339990838064104
layer2_rx4,runs/su_mimo_lmmse_umi_uma_matrix_v1/layer2_rx4/uma_normalized/lmmse_perfect/bler.csv,13.0,0.00565,0.00046956018518518516,0.005937413194444445,0.013947274935673232,113,20000,40000,16228,410394,864,1728,0.5,20,0,1250,lmmse_perfect,perfect,lmmse_perfect,su_mimo_phase_sensitive,-1,777000,1,/home/ahhy/projects/phase_invariant_receiver_sionna/checkpoints/generalization/umi_uma_mix_normalized/su_mimo_phase_sensitive_seed0/su_mimo_phase_sensitive_layer2_rx4_seed0.pt,127,uniform,2,4,1.0,umi_uma_mix_normalized,uma_normalized,uma,uma,,,0.004701915418971162,0.00678795062969948
layer2_rx8,runs/su_mimo_lmmse_umi_uma_matrix_v1/layer2_rx8/umi_normalized/lmmse_ls/bler.csv,3.0,0.2971698113207547,0.050302864037386444,0.07071240609713488,0.1778022301605246,504,1696,3392,147422,414472,864,1728,0.5,20,1,106,lmmse_ls,ls,lmmse_ls,su_mimo_phase_sensitive,-1,777000,1,/home/ahhy/projects/phase_invariant_receiver_sionna/checkpoints/generalization/umi_uma_mix_normalized/su_mimo_phase_sensitive_seed0/su_mimo_phase_sensitive_layer2_rx8_seed0.pt,128,uniform,2,8,1.0,umi_uma_mix_normalized,umi_normalized,umi,umi,,,0.27589776824351786,0.319358603208137
layer2_rx8,runs/su_mimo_lmmse_umi_uma_matrix_v1/layer2_rx8/umi_normalized/lmmse_ls/bler.csv,5.0,0.20063694267515925,0.03400298935480066,0.04849477139360698,0.12400691698789315,504,2512,5024,147598,421006,864,1728,0.5,20,1,157,lmmse_ls,ls,lmmse_ls,su_mimo_phase_sensitive,-1,777000,1,/home/ahhy/projects/phase_invariant_receiver_sionna/checkpoints/generalization/umi_uma_mix_normalized/su_mimo_phase_sensitive_seed0/su_mimo_phase_sensitive_layer2_rx8_seed0.pt,128,uniform,2,8,1.0,umi_uma_mix_normalized,umi_normalized,umi,umi,,,0.1854384634909144,0.2167496216418416
layer2_rx8,runs/su_mimo_lmmse_umi_uma_matrix_v1/layer2_rx8/umi_normalized/lmmse_ls/bler.csv,7.0,0.12600401606425704,0.021574434311319352,0.0320041741038227,0.08303136014253916,502,3984,7968,148526,440656,864,1728,0.5,20,1,249,lmmse_ls,ls,lmmse_ls,su_mimo_phase_sensitive,-1,777000,1,/home/ahhy/projects/phase_invariant_receiver_sionna/checkpoints/generalization/umi_uma_mix_normalized/su_mimo_phase_sensitive_seed0/su_mimo_phase_sensitive_layer2_rx8_seed0.pt,128,uniform,2,8,1.0,umi_uma_mix_normalized,umi_normalized,umi,umi,,,0.11605824959173142,0.13667031778685704
layer2_rx8,runs/su_mimo_lmmse_umi_uma_matrix_v1/layer2_rx8/umi_normalized/lmmse_ls/bler.csv,9.0,0.08218503937007875,0.013667698004763293,0.021567392780329542,0.05637829977762969,501,6096,12192,143974,454377,864,1728,0.5,20,1,381,lmmse_ls,ls,lmmse_ls,su_mimo_phase_sensitive,-1,777000,1,/home/ahhy/projects/phase_invariant_receiver_sionna/checkpoints/generalization/umi_uma_mix_normalized/su_mimo_phase_sensitive_seed0/su_mimo_phase_sensitive_layer2_rx8_seed0.pt,128,uniform,2,8,1.0,umi_uma_mix_normalized,umi_normalized,umi,umi,,,0.07555086558110523,0.08934546256299662
layer2_rx8,runs/su_mimo_lmmse_umi_uma_matrix_v1/layer2_rx8/umi_normalized/lmmse_ls/bler.csv,11.0,0.05116421568627451,0.00842778638268579,0.014559374338083998,0.038292971527034494,501,9792,19584,142603,492706,864,1728,0.5,20,1,612,lmmse_ls,ls,lmmse_ls,su_mimo_phase_sensitive,-1,777000,1,/home/ahhy/projects/phase_invariant_receiver_sionna/checkpoints/generalization/umi_uma_mix_normalized/su_mimo_phase_sensitive_seed0/su_mimo_phase_sensitive_layer2_rx8_seed0.pt,128,uniform,2,8,1.0,umi_uma_mix_normalized,umi_normalized,umi,umi,,,0.046973470935749634,0.05570698413786544
layer2_rx8,runs/su_mimo_lmmse_umi_uma_matrix_v1/layer2_rx8/umi_normalized/lmmse_ls/bler.csv,13.0,0.03125,0.004965639467592592,0.009578342013888888,0.025309096424468037,500,16000,32000,137290,529644,864,1728,0.5,20,1,1000,lmmse_ls,ls,lmmse_ls,su_mimo_phase_sensitive,-1,777000,1,/home/ahhy/projects/phase_invariant_receiver_sionna/checkpoints/generalization/umi_uma_mix_normalized/su_mimo_phase_sensitive_seed0/su_mimo_phase_sensitive_layer2_rx8_seed0.pt,128,uniform,2,8,1.0,umi_uma_mix_normalized,umi_normalized,umi,umi,,,0.028664497868746676,0.0340605335809629
layer2_rx8,runs/su_mimo_lmmse_umi_uma_matrix_v1/layer2_rx8/umi_normalized/lmmse_perfect/bler.csv,3.0,0.0769704433497537,0.008087508979885057,0.03042858104987685,0.06854987220049905,500,6496,12992,90783,683127,864,1728,0.5,20,1,406,lmmse_perfect,perfect,lmmse_perfect,su_mimo_phase_sensitive,-1,777000,1,/home/ahhy/projects/phase_invariant_receiver_sionna/checkpoints/generalization/umi_uma_mix_normalized/su_mimo_phase_sensitive_seed0/su_mimo_phase_sensitive_layer2_rx8_seed0.pt,128,uniform,2,8,1.0,umi_uma_mix_normalized,umi_normalized,umi,umi,,,0.07073576267358944,0.08370515179801172
layer2_rx8,runs/su_mimo_lmmse_umi_uma_matrix_v1/layer2_rx8/umi_normalized/lmmse_perfect/bler.csv,5.0,0.043402777777777776,0.004263368457433128,0.02007375960487397,0.04530065642830766,500,11520,23040,84869,799199,864,1728,0.5,20,1,720,lmmse_perfect,perfect,lmmse_perfect,su_mimo_phase_sensitive,-1,777000,1,/home/ahhy/projects/phase_invariant_receiver_sionna/checkpoints/generalization/umi_uma_mix_normalized/su_mimo_phase_sensitive_seed0/su_mimo_phase_sensitive_layer2_rx8_seed0.pt,128,uniform,2,8,1.0,umi_uma_mix_normalized,umi_normalized,umi,umi,,,0.03983161607239814,0.04727835176322526
layer2_rx8,runs/su_mimo_lmmse_umi_uma_matrix_v1/layer2_rx8/umi_normalized/lmmse_perfect/bler.csv,7.0,0.02375,0.0023020254629629627,0.01320915798611111,0.02995028861131933,475,20000,40000,79558,913017,864,1728,0.5,20,0,1250,lmmse_perfect,perfect,lmmse_perfect,su_mimo_phase_sensitive,-1,777000,1,/home/ahhy/projects/phase_invariant_receiver_sionna/checkpoints/generalization/umi_uma_mix_normalized/su_mimo_phase_sensitive_seed0/su_mimo_phase_sensitive_layer2_rx8_seed0.pt,128,uniform,2,8,1.0,umi_uma_mix_normalized,umi_normalized,umi,umi,,,0.021729372796310705,0.025953541547128946
layer2_rx8,runs/su_mimo_lmmse_umi_uma_matrix_v1/layer2_rx8/umi_normalized/lmmse_perfect/bler.csv,9.0,0.01245,0.0011241319444444445,0.008554441550925926,0.01962211694413951,249,20000,40000,38850,591283,864,1728,0.5,20,0,1250,lmmse_perfect,perfect,lmmse_perfect,su_mimo_phase_sensitive,-1,777000,1,/home/ahhy/projects/phase_invariant_receiver_sionna/checkpoints/generalization/umi_uma_mix_normalized/su_mimo_phase_sensitive_seed0/su_mimo_phase_sensitive_layer2_rx8_seed0.pt,128,uniform,2,8,1.0,umi_uma_mix_normalized,umi_normalized,umi,umi,,,0.011004195830118546,0.014083058528189073
layer2_rx8,runs/su_mimo_lmmse_umi_uma_matrix_v1/layer2_rx8/umi_normalized/lmmse_perfect/bler.csv,11.0,0.00625,0.0005451388888888888,0.005410778356481481,0.01257797020636793,125,20000,40000,18840,373993,864,1728,0.5,20,0,1250,lmmse_perfect,perfect,lmmse_perfect,su_mimo_phase_sensitive,-1,777000,1,/home/ahhy/projects/phase_invariant_receiver_sionna/checkpoints/generalization/umi_uma_mix_normalized/su_mimo_phase_sensitive_seed0/su_mimo_phase_sensitive_layer2_rx8_seed0.pt,128,uniform,2,8,1.0,umi_uma_mix_normalized,umi_normalized,umi,umi,,,0.005248590473211333,0.007441045132191986
layer2_rx8,runs/su_mimo_lmmse_umi_uma_matrix_v1/layer2_rx8/umi_normalized/lmmse_perfect/bler.csv,13.0,0.00285,0.0002611979166666667,0.0033127748842592592,0.007809391092763852,57,20000,40000,9027,228979,864,1728,0.5,20,0,1250,lmmse_perfect,perfect,lmmse_perfect,su_mimo_phase_sensitive,-1,777000,1,/home/ahhy/projects/phase_invariant_receiver_sionna/checkpoints/generalization/umi_uma_mix_normalized/su_mimo_phase_sensitive_seed0/su_mimo_phase_sensitive_layer2_rx8_seed0.pt,128,uniform,2,8,1.0,umi_uma_mix_normalized,umi_normalized,umi,umi,,,0.0022005830784487227,0.0036903583721361066
layer2_rx8,runs/su_mimo_lmmse_umi_uma_matrix_v1/layer2_rx8/uma_normalized/lmmse_ls/bler.csv,3.0,0.15318627450980393,0.0225213964347313,0.0494281045751634,0.1258782404397135,500,3264,6528,127025,557568,864,1728,0.5,20,1,204,lmmse_ls,ls,lmmse_ls,su_mimo_phase_sensitive,-1,777000,1,/home/ahhy/projects/phase_invariant_receiver_sionna/checkpoints/generalization/umi_uma_mix_normalized/su_mimo_phase_sensitive_seed0/su_mimo_phase_sensitive_layer2_rx8_seed0.pt,128,uniform,2,8,1.0,umi_uma_mix_normalized,uma_normalized,uma,uma,,,0.14123853109844833,0.16594940058993987
layer2_rx8,runs/su_mimo_lmmse_umi_uma_matrix_v1/layer2_rx8/uma_normalized/lmmse_ls/bler.csv,5.0,0.0882768361581921,0.01406993814082444,0.02968472091441724,0.07722039014057376,500,5664,11328,137708,581072,864,1728,0.5,20,1,354,lmmse_ls,ls,lmmse_ls,su_mimo_phase_sensitive,-1,777000,1,/home/ahhy/projects/phase_invariant_receiver_sionna/checkpoints/generalization/umi_uma_mix_normalized/su_mimo_phase_sensitive_seed0/su_mimo_phase_sensitive_layer2_rx8_seed0.pt,128,uniform,2,8,1.0,umi_uma_mix_normalized,uma_normalized,uma,uma,,,0.0811648758008612,0.09594689878105579
layer2_rx8,runs/su_mimo_lmmse_umi_uma_matrix_v1/layer2_rx8/uma_normalized/lmmse_ls/bler.csv,7.0,0.05314625850340136,0.008277037666918619,0.017695674189814815,0.04744749414551751,500,9408,18816,134560,575358,864,1728,0.5,20,1,588,lmmse_ls,ls,lmmse_ls,su_mimo_phase_sensitive,-1,777000,1,/home/ahhy/projects/phase_invariant_receiver_sionna/checkpoints/generalization/umi_uma_mix_normalized/su_mimo_phase_sensitive_seed0/su_mimo_phase_sensitive_layer2_rx8_seed0.pt,128,uniform,2,8,1.0,umi_uma_mix_normalized,uma_normalized,uma,uma,,,0.04879298789204918,0.05786429731752081
layer2_rx8,runs/su_mimo_lmmse_umi_uma_matrix_v1/layer2_rx8/uma_normalized/lmmse_ls/bler.csv,9.0,0.03231644260599793,0.004804976253399211,0.010888135137787736,0.03128477830488746,500,15472,30944,128464,582202,864,1728,0.5,20,1,967,lmmse_ls,ls,lmmse_ls,su_mimo_phase_sensitive,-1,777000,1,/home/ahhy/projects/phase_invariant_receiver_sionna/checkpoints/generalization/umi_uma_mix_normalized/su_mimo_phase_sensitive_seed0/su_mimo_phase_sensitive_layer2_rx8_seed0.pt,128,uniform,2,8,1.0,umi_uma_mix_normalized,uma_normalized,uma,uma,,,0.029643997489736652,0.03522106729474001
layer2_rx8,runs/su_mimo_lmmse_umi_uma_matrix_v1/layer2_rx8/uma_normalized/lmmse_ls/bler.csv,11.0,0.01735,0.0025141203703703706,0.0065176215277777776,0.021764733226469685,347,20000,40000,86888,450498,864,1728,0.5,20,0,1250,lmmse_ls,ls,lmmse_ls,su_mimo_phase_sensitive,-1,777000,1,/home/ahhy/projects/phase_invariant_receiver_sionna/checkpoints/generalization/umi_uma_mix_normalized/su_mimo_phase_sensitive_seed0/su_mimo_phase_sensitive_layer2_rx8_seed0.pt,128,uniform,2,8,1.0,umi_uma_mix_normalized,uma_normalized,uma,uma,,,0.015630888992014532,0.019254483412943262
layer2_rx8,runs/su_mimo_lmmse_umi_uma_matrix_v1/layer2_rx8/uma_normalized/lmmse_ls/bler.csv,13.0,0.00985,0.0014054976851851852,0.003885402199074074,0.01758603620711901,197,20000,40000,48574,268559,864,1728,0.5,20,0,1250,lmmse_ls,ls,lmmse_ls,su_mimo_phase_sensitive,-1,777000,1,/home/ahhy/projects/phase_invariant_receiver_sionna/checkpoints/generalization/umi_uma_mix_normalized/su_mimo_phase_sensitive_seed0/su_mimo_phase_sensitive_layer2_rx8_seed0.pt,128,uniform,2,8,1.0,umi_uma_mix_normalized,uma_normalized,uma,uma,,,0.008572345467316908,0.011315907478482453
layer2_rx8,runs/su_mimo_lmmse_umi_uma_matrix_v1/layer2_rx8/uma_normalized/lmmse_perfect/bler.csv,3.0,0.02536525974025974,0.0022289134837962963,0.017650301494295636,0.04179144228265198,500,19712,39424,75922,1202421,864,1728,0.5,20,1,1232,lmmse_perfect,perfect,lmmse_perfect,su_mimo_phase_sensitive,-1,777000,1,/home/ahhy/projects/phase_invariant_receiver_sionna/checkpoints/generalization/umi_uma_mix_normalized/su_mimo_phase_sensitive_seed0/su_mimo_phase_sensitive_layer2_rx8_seed0.pt,128,uniform,2,8,1.0,umi_uma_mix_normalized,uma_normalized,uma,uma,,,0.023261060997642545,0.02765441531704369
layer2_rx8,runs/su_mimo_lmmse_umi_uma_matrix_v1/layer2_rx8/uma_normalized/lmmse_perfect/bler.csv,5.0,0.011,0.0008897569444444444,0.009935662615740741,0.02360832971809087,220,20000,40000,30750,686753,864,1728,0.5,20,0,1250,lmmse_perfect,perfect,lmmse_perfect,su_mimo_phase_sensitive,-1,777000,1,/home/ahhy/projects/phase_invariant_receiver_sionna/checkpoints/generalization/umi_uma_mix_normalized/su_mimo_phase_sensitive_seed0/su_mimo_phase_sensitive_layer2_rx8_seed0.pt,128,uniform,2,8,1.0,umi_uma_mix_normalized,uma_normalized,uma,uma,,,0.009645465600927354,0.012542345661942967
layer2_rx8,runs/su_mimo_lmmse_umi_uma_matrix_v1/layer2_rx8/uma_normalized/lmmse_perfect/bler.csv,7.0,0.00485,0.0003271990740740741,0.0056164207175925926,0.013464362744517901,97,20000,40000,11308,388207,864,1728,0.5,20,0,1250,lmmse_perfect,perfect,lmmse_perfect,su_mimo_phase_sensitive,-1,777000,1,/home/ahhy/projects/phase_invariant_receiver_sionna/checkpoints/generalization/umi_uma_mix_normalized/su_mimo_phase_sensitive_seed0/su_mimo_phase_sensitive_layer2_rx8_seed0.pt,128,uniform,2,8,1.0,umi_uma_mix_normalized,uma_normalized,uma,uma,,,0.0039776678319912,0.005912505474369212
layer2_rx8,runs/su_mimo_lmmse_umi_uma_matrix_v1/layer2_rx8/uma_normalized/lmmse_perfect/bler.csv,9.0,0.00165,9.840856481481482e-05,0.0031417100694444444,0.00761197151335935,33,20000,40000,3401,217155,864,1728,0.5,20,0,1250,lmmse_perfect,perfect,lmmse_perfect,su_mimo_phase_sensitive,-1,777000,1,/home/ahhy/projects/phase_invariant_receiver_sionna/checkpoints/generalization/umi_uma_mix_normalized/su_mimo_phase_sensitive_seed0/su_mimo_phase_sensitive_layer2_rx8_seed0.pt,128,uniform,2,8,1.0,umi_uma_mix_normalized,uma_normalized,uma,uma,,,0.001175179137369369,0.0023162231997501115
layer2_rx8,runs/su_mimo_lmmse_umi_uma_matrix_v1/layer2_rx8/uma_normalized/lmmse_perfect/bler.csv,11.0,0.00045,2.8211805555555554e-05,0.0016875578703703703,0.0041612701280782476,9,20000,40000,975,116644,864,1728,0.5,20,0,1250,lmmse_perfect,perfect,lmmse_perfect,su_mimo_phase_sensitive,-1,777000,1,/home/ahhy/projects/phase_invariant_receiver_sionna/checkpoints/generalization/umi_uma_mix_normalized/su_mimo_phase_sensitive_seed0/su_mimo_phase_sensitive_layer2_rx8_seed0.pt,128,uniform,2,8,1.0,umi_uma_mix_normalized,uma_normalized,uma,uma,,,0.00023677111614002098,0.0008550921075141102
layer2_rx8,runs/su_mimo_lmmse_umi_uma_matrix_v1/layer2_rx8/uma_normalized/lmmse_perfect/bler.csv,13.0,0.0001,4.947916666666666e-06,0.000861328125,0.002158519530807812,2,20000,40000,171,59535,864,1728,0.5,20,0,1250,lmmse_perfect,perfect,lmmse_perfect,su_mimo_phase_sensitive,-1,777000,1,/home/ahhy/projects/phase_invariant_receiver_sionna/checkpoints/generalization/umi_uma_mix_normalized/su_mimo_phase_sensitive_seed0/su_mimo_phase_sensitive_layer2_rx8_seed0.pt,128,uniform,2,8,1.0,umi_uma_mix_normalized,uma_normalized,uma,uma,,,2.7424035272726838e-05,0.0003645736136206778
layer2_rx16,runs/su_mimo_lmmse_umi_uma_matrix_v1/layer2_rx16/umi_normalized/lmmse_ls/bler.csv,3.0,0.1720467032967033,0.033294342376373624,0.0402400785701567,0.12490013489210854,501,2912,5824,167535,404971,864,1728,0.5,20,1,182,lmmse_ls,ls,lmmse_ls,su_mimo_phase_sensitive,-1,777000,1,/home/ahhy/projects/phase_invariant_receiver_sionna/checkpoints/generalization/umi_uma_mix_normalized/su_mimo_phase_sensitive_seed0/su_mimo_phase_sensitive_rx16_seed0.pt,128,uniform,2,16,1.0,umi_uma_mix_normalized,umi_normalized,umi,umi,,,0.15877284548121445,0.18618468153999224
layer2_rx16,runs/su_mimo_lmmse_umi_uma_matrix_v1/layer2_rx16/umi_normalized/lmmse_ls/bler.csv,5.0,0.11973180076628352,0.022466342060451255,0.027720475579147155,0.08808176630741318,500,4176,8352,162120,400069,864,1728,0.5,20,1,261,lmmse_ls,ls,lmmse_ls,su_mimo_phase_sensitive,-1,777000,1,/home/ahhy/projects/phase_invariant_receiver_sionna/checkpoints/generalization/umi_uma_mix_normalized/su_mimo_phase_sensitive_seed0/su_mimo_phase_sensitive_rx16_seed0.pt,128,uniform,2,16,1.0,umi_uma_mix_normalized,umi_normalized,umi,umi,,,0.11023314694022451,0.12992942111658384
layer2_rx16,runs/su_mimo_lmmse_umi_uma_matrix_v1/layer2_rx16/umi_normalized/lmmse_ls/bler.csv,7.0,0.07437648456057007,0.013597646971496437,0.018823764103325414,0.060864198828949966,501,6736,13472,158274,438210,864,1728,0.5,20,1,421,lmmse_ls,ls,lmmse_ls,su_mimo_phase_sensitive,-1,777000,1,/home/ahhy/projects/phase_invariant_receiver_sionna/checkpoints/generalization/umi_uma_mix_normalized/su_mimo_phase_sensitive_seed0/su_mimo_phase_sensitive_rx16_seed0.pt,128,uniform,2,16,1.0,umi_uma_mix_normalized,umi_normalized,umi,umi,,,0.06835028453422745,0.08088786371691725
layer2_rx16,runs/su_mimo_lmmse_umi_uma_matrix_v1/layer2_rx16/umi_normalized/lmmse_ls/bler.csv,9.0,0.044389204545454544,0.008116083113031355,0.012164851230402987,0.039882233161464414,500,11264,22528,157973,473558,864,1728,0.5,20,1,704,lmmse_ls,ls,lmmse_ls,su_mimo_phase_sensitive,-1,777000,1,/home/ahhy/projects/phase_invariant_receiver_sionna/checkpoints/generalization/umi_uma_mix_normalized/su_mimo_phase_sensitive_seed0/su_mimo_phase_sensitive_rx16_seed0.pt,128,uniform,2,16,1.0,umi_uma_mix_normalized,umi_normalized,umi,umi,,,0.040738531371702066,0.04835053351169376
layer2_rx16,runs/su_mimo_lmmse_umi_uma_matrix_v1/layer2_rx16/umi_normalized/lmmse_ls/bler.csv,11.0,0.0239,0.004088715277777778,0.007291739004629629,0.02407700084657093,478,20000,40000,141306,504005,864,1728,0.5,20,0,1250,lmmse_ls,ls,lmmse_ls,su_mimo_phase_sensitive,-1,777000,1,/home/ahhy/projects/phase_invariant_receiver_sionna/checkpoints/generalization/umi_uma_mix_normalized/su_mimo_phase_sensitive_seed0/su_mimo_phase_sensitive_rx16_seed0.pt,128,uniform,2,16,1.0,umi_uma_mix_normalized,umi_normalized,umi,umi,,,0.02187286093253466,0.02610999580008816
layer2_rx16,runs/su_mimo_lmmse_umi_uma_matrix_v1/layer2_rx16/umi_normalized/lmmse_ls/bler.csv,13.0,0.0121,0.001995457175925926,0.004347048611111111,0.014396392482815145,242,20000,40000,68963,300468,864,1728,0.5,20,0,1250,lmmse_ls,ls,lmmse_ls,su_mimo_phase_sensitive,-1,777000,1,/home/ahhy/projects/phase_invariant_receiver_sionna/checkpoints/generalization/umi_uma_mix_normalized/su_mimo_phase_sensitive_seed0/su_mimo_phase_sensitive_rx16_seed0.pt,128,uniform,2,16,1.0,umi_uma_mix_normalized,umi_normalized,umi,umi,,,0.010675702653014145,0.013711686130532749
layer2_rx16,runs/su_mimo_lmmse_umi_uma_matrix_v1/layer2_rx16/umi_normalized/lmmse_perfect/bler.csv,3.0,0.0188,0.001644675925925926,0.012460185185185185,0.028684701088057072,376,20000,40000,56840,861248,864,1728,0.5,20,0,1250,lmmse_perfect,perfect,lmmse_perfect,su_mimo_phase_sensitive,-1,777000,1,/home/ahhy/projects/phase_invariant_receiver_sionna/checkpoints/generalization/umi_uma_mix_normalized/su_mimo_phase_sensitive_seed0/su_mimo_phase_sensitive_rx16_seed0.pt,128,uniform,2,16,1.0,umi_uma_mix_normalized,umi_normalized,umi,umi,,,0.01700801293397831,0.020776802566416775
layer2_rx16,runs/su_mimo_lmmse_umi_uma_matrix_v1/layer2_rx16/umi_normalized/lmmse_perfect/bler.csv,5.0,0.0081,0.0006387152777777778,0.007853732638888888,0.01834617110880273,162,20000,40000,22074,542850,864,1728,0.5,20,0,1250,lmmse_perfect,perfect,lmmse_perfect,su_mimo_phase_sensitive,-1,777000,1,/home/ahhy/projects/phase_invariant_receiver_sionna/checkpoints/generalization/umi_uma_mix_normalized/su_mimo_phase_sensitive_seed0/su_mimo_phase_sensitive_rx16_seed0.pt,128,uniform,2,16,1.0,umi_uma_mix_normalized,umi_normalized,umi,umi,,,0.006948743571097038,0.009440181500898693
layer2_rx16,runs/su_mimo_lmmse_umi_uma_matrix_v1/layer2_rx16/umi_normalized/lmmse_perfect/bler.csv,7.0,0.0032,0.00026553819444444444,0.004804166666666667,0.011398465167561263,64,20000,40000,9177,332064,864,1728,0.5,20,0,1250,lmmse_perfect,perfect,lmmse_perfect,su_mimo_phase_sensitive,-1,777000,1,/home/ahhy/projects/phase_invariant_receiver_sionna/checkpoints/generalization/umi_uma_mix_normalized/su_mimo_phase_sensitive_seed0/su_mimo_phase_sensitive_rx16_seed0.pt,128,uniform,2,16,1.0,umi_uma_mix_normalized,umi_normalized,umi,umi,,,0.0025069551880816257,0.00408385183726393
layer2_rx16,runs/su_mimo_lmmse_umi_uma_matrix_v1/layer2_rx16/umi_normalized/lmmse_perfect/bler.csv,9.0,0.0013,9.539930555555556e-05,0.0028091579861111112,0.0067875715213020675,26,20000,40000,3297,194169,864,1728,0.5,20,0,1250,lmmse_perfect,perfect,lmmse_perfect,su_mimo_phase_sensitive,-1,777000,1,/home/ahhy/projects/phase_invariant_receiver_sionna/checkpoints/generalization/umi_uma_mix_normalized/su_mimo_phase_sensitive_seed0/su_mimo_phase_sensitive_rx16_seed0.pt,128,uniform,2,16,1.0,umi_uma_mix_normalized,umi_normalized,umi,umi,,,0.0008873454127417631,0.0019041913496169907
layer2_rx16,runs/su_mimo_lmmse_umi_uma_matrix_v1/layer2_rx16/umi_normalized/lmmse_perfect/bler.csv,11.0,0.00065,2.115162037037037e-05,0.0015606336805555556,0.0038296993219003013,13,20000,40000,731,107871,864,1728,0.5,20,0,1250,lmmse_perfect,perfect,lmmse_perfect,su_mimo_phase_sensitive,-1,777000,1,/home/ahhy/projects/phase_invariant_receiver_sionna/checkpoints/generalization/umi_uma_mix_normalized/su_mimo_phase_sensitive_seed0/su_mimo_phase_sensitive_rx16_seed0.pt,128,uniform,2,16,1.0,umi_uma_mix_normalized,umi_normalized,umi,umi,,,0.0003799180580200702,0.0011118683512116193
layer2_rx16,runs/su_mimo_lmmse_umi_uma_matrix_v1/layer2_rx16/umi_normalized/lmmse_perfect/bler.csv,13.0,0.0,0.0,0.0008165653935185186,0.002025487766052301,0,20000,40000,0,56441,864,1728,0.5,20,0,1250,lmmse_perfect,perfect,lmmse_perfect,su_mimo_phase_sensitive,-1,777000,1,/home/ahhy/projects/phase_invariant_receiver_sionna/checkpoints/generalization/umi_uma_mix_normalized/su_mimo_phase_sensitive_seed0/su_mimo_phase_sensitive_rx16_seed0.pt,128,uniform,2,16,1.0,umi_uma_mix_normalized,umi_normalized,umi,umi,,,0.0,0.00019203605610462553
layer2_rx16,runs/su_mimo_lmmse_umi_uma_matrix_v1/layer2_rx16/uma_normalized/lmmse_ls/bler.csv,3.0,0.0677645788336933,0.012350808810295176,0.020247403645208384,0.06275877912000087,502,7408,14816,158103,518375,864,1728,0.5,20,1,463,lmmse_ls,ls,lmmse_ls,su_mimo_phase_sensitive,-1,777000,1,/home/ahhy/projects/phase_invariant_receiver_sionna/checkpoints/generalization/umi_uma_mix_normalized/su_mimo_phase_sensitive_seed0/su_mimo_phase_sensitive_rx16_seed0.pt,128,uniform,2,16,1.0,umi_uma_mix_normalized,uma_normalized,uma,uma,,,0.06226219928516036,0.07371500211885523
layer2_rx16,runs/su_mimo_lmmse_umi_uma_matrix_v1/layer2_rx16/uma_normalized/lmmse_ls/bler.csv,5.0,0.04203020134228188,0.007497125901068854,0.012176421125403927,0.03993067169469845,501,11920,23840,154424,501614,864,1728,0.5,20,1,745,lmmse_ls,ls,lmmse_ls,su_mimo_phase_sensitive,-1,777000,1,/home/ahhy/projects/phase_invariant_receiver_sionna/checkpoints/generalization/umi_uma_mix_normalized/su_mimo_phase_sensitive_seed0/su_mimo_phase_sensitive_rx16_seed0.pt,128,uniform,2,16,1.0,umi_uma_mix_normalized,uma_normalized,uma,uma,,,0.03857311328910657,0.04578237418482493
layer2_rx16,runs/su_mimo_lmmse_umi_uma_matrix_v1/layer2_rx16/uma_normalized/lmmse_ls/bler.csv,7.0,0.0233,0.003986400462962963,0.0074631799768518515,0.026832882903504218,466,20000,40000,137770,515855,864,1728,0.5,20,0,1250,lmmse_ls,ls,lmmse_ls,su_mimo_phase_sensitive,-1,777000,1,/home/ahhy/projects/phase_invariant_receiver_sionna/checkpoints/generalization/umi_uma_mix_normalized/su_mimo_phase_sensitive_seed0/su_mimo_phase_sensitive_rx16_seed0.pt,128,uniform,2,16,1.0,umi_uma_mix_normalized,uma_normalized,uma,uma,,,0.02129904128657645,0.0254840458893137
layer2_rx16,runs/su_mimo_lmmse_umi_uma_matrix_v1/layer2_rx16/uma_normalized/lmmse_ls/bler.csv,9.0,0.01295,0.002190451388888889,0.0045070891203703705,0.019380287787550122,259,20000,40000,75702,311530,864,1728,0.5,20,0,1250,lmmse_ls,ls,lmmse_ls,su_mimo_phase_sensitive,-1,777000,1,/home/ahhy/projects/phase_invariant_receiver_sionna/checkpoints/generalization/umi_uma_mix_normalized/su_mimo_phase_sensitive_seed0/su_mimo_phase_sensitive_rx16_seed0.pt,128,uniform,2,16,1.0,umi_uma_mix_normalized,uma_normalized,uma,uma,,,0.01147400573031632,0.014613056591935195
layer2_rx16,runs/su_mimo_lmmse_umi_uma_matrix_v1/layer2_rx16/uma_normalized/lmmse_ls/bler.csv,11.0,0.0068,0.0011727719907407407,0.0026568287037037038,0.01639601539796966,136,20000,40000,40531,183640,864,1728,0.5,20,0,1250,lmmse_ls,ls,lmmse_ls,su_mimo_phase_sensitive,-1,777000,1,/home/ahhy/projects/phase_invariant_receiver_sionna/checkpoints/generalization/umi_uma_mix_normalized/su_mimo_phase_sensitive_seed0/su_mimo_phase_sensitive_rx16_seed0.pt,128,uniform,2,16,1.0,umi_uma_mix_normalized,uma_normalized,uma,uma,,,0.00575193668791944,0.008037487677822162
layer2_rx16,runs/su_mimo_lmmse_umi_uma_matrix_v1/layer2_rx16/uma_normalized/lmmse_ls/bler.csv,13.0,0.00355,0.0006811921296296297,0.0015453559027777779,0.017540533103433252,71,20000,40000,23542,106815,864,1728,0.5,20,0,1250,lmmse_ls,ls,lmmse_ls,su_mimo_phase_sensitive,-1,777000,1,/home/ahhy/projects/phase_invariant_receiver_sionna/checkpoints/generalization/umi_uma_mix_normalized/su_mimo_phase_sensitive_seed0/su_mimo_phase_sensitive_rx16_seed0.pt,128,uniform,2,16,1.0,umi_uma_mix_normalized,uma_normalized,uma,uma,,,0.0028156394428322743,0.004475033157274009
layer2_rx16,runs/su_mimo_lmmse_umi_uma_matrix_v1/layer2_rx16/uma_normalized/lmmse_perfect/bler.csv,3.0,0.00325,0.00025384837962962964,0.004810807291666667,0.011524383274258839,65,20000,40000,8773,332523,864,1728,0.5,20,0,1250,lmmse_perfect,perfect,lmmse_perfect,su_mimo_phase_sensitive,-1,777000,1,/home/ahhy/projects/phase_invariant_receiver_sionna/checkpoints/generalization/umi_uma_mix_normalized/su_mimo_phase_sensitive_seed0/su_mimo_phase_sensitive_rx16_seed0.pt,128,uniform,2,16,1.0,umi_uma_mix_normalized,uma_normalized,uma,uma,,,0.0025509199970575078,0.004139867824682438
layer2_rx16,runs/su_mimo_lmmse_umi_uma_matrix_v1/layer2_rx16/uma_normalized/lmmse_perfect/bler.csv,5.0,0.00105,0.0001058449074074074,0.0026985966435185186,0.006536644071601633,21,20000,40000,3658,186527,864,1728,0.5,20,0,1250,lmmse_perfect,perfect,lmmse_perfect,su_mimo_phase_sensitive,-1,777000,1,/home/ahhy/projects/phase_invariant_receiver_sionna/checkpoints/generalization/umi_uma_mix_normalized/su_mimo_phase_sensitive_seed0/su_mimo_phase_sensitive_rx16_seed0.pt,128,uniform,2,16,1.0,umi_uma_mix_normalized,uma_normalized,uma,uma,,,0.0006868970946874327,0.0016047356856993729
layer2_rx16,runs/su_mimo_lmmse_umi_uma_matrix_v1/layer2_rx16/uma_normalized/lmmse_perfect/bler.csv,7.0,0.00055,3.799189814814815e-05,0.0014594618055555556,0.0035894087519694725,11,20000,40000,1313,100878,864,1728,0.5,20,0,1250,lmmse_perfect,perfect,lmmse_perfect,su_mimo_phase_sensitive,-1,777000,1,/home/ahhy/projects/phase_invariant_receiver_sionna/checkpoints/generalization/umi_uma_mix_normalized/su_mimo_phase_sensitive_seed0/su_mimo_phase_sensitive_rx16_seed0.pt,128,uniform,2,16,1.0,umi_uma_mix_normalized,uma_normalized,uma,uma,,,0.00030714858193327043,0.00098467623450964
layer2_rx16,runs/su_mimo_lmmse_umi_uma_matrix_v1/layer2_rx16/uma_normalized/lmmse_perfect/bler.csv,9.0,0.0002,1.0387731481481481e-05,0.0007426649305555555,0.0018535252195492516,4,20000,40000,359,51333,864,1728,0.5,20,0,1250,lmmse_perfect,perfect,lmmse_perfect,su_mimo_phase_sensitive,-1,777000,1,/home/ahhy/projects/phase_invariant_receiver_sionna/checkpoints/generalization/umi_uma_mix_normalized/su_mimo_phase_sensitive_seed0/su_mimo_phase_sensitive_rx16_seed0.pt,128,uniform,2,16,1.0,umi_uma_mix_normalized,uma_normalized,uma,uma,,,7.777875605022842e-05,0.0005141804856319553
layer2_rx16,runs/su_mimo_lmmse_umi_uma_matrix_v1/layer2_rx16/uma_normalized/lmmse_perfect/bler.csv,11.0,5e-05,2.5752314814814816e-06,0.00035143229166666667,0.0008890229342701875,1,20000,40000,89,24291,864,1728,0.5,20,0,1250,lmmse_perfect,perfect,lmmse_perfect,su_mimo_phase_sensitive,-1,777000,1,/home/ahhy/projects/phase_invariant_receiver_sionna/checkpoints/generalization/umi_uma_mix_normalized/su_mimo_phase_sensitive_seed0/su_mimo_phase_sensitive_rx16_seed0.pt,128,uniform,2,16,1.0,umi_uma_mix_normalized,uma_normalized,uma,uma,,,8.826282272974824e-06,0.0002831905702260402
layer2_rx16,runs/su_mimo_lmmse_umi_uma_matrix_v1/layer2_rx16/uma_normalized/lmmse_perfect/bler.csv,13.0,0.0,0.0,0.00015828993055555556,0.0003988054643418565,0,20000,40000,0,10941,864,1728,0.5,20,0,1250,lmmse_perfect,perfect,lmmse_perfect,su_mimo_phase_sensitive,-1,777000,1,/home/ahhy/projects/phase_invariant_receiver_sionna/checkpoints/generalization/umi_uma_mix_normalized/su_mimo_phase_sensitive_seed0/su_mimo_phase_sensitive_rx16_seed0.pt,128,uniform,2,16,1.0,umi_uma_mix_normalized,uma_normalized,uma,uma,,,0.0,0.00019203605610462553
layer4_rx4,runs/su_mimo_lmmse_umi_uma_matrix_v1/layer4_rx4/umi_normalized/lmmse_ls/bler.csv,3.0,0.984375,0.19587424949363427,0.19956518102575233,0.4112073525234505,504,512,2048,346594,706250,864,1728,0.5,20,1,32,lmmse_ls,ls,lmmse_ls,su_mimo_phase_sensitive,-1,777000,1,/home/ahhy/projects/phase_invariant_receiver_sionna/checkpoints/generalization/umi_uma_mix_normalized/su_mimo_phase_sensitive_seed0/su_mimo_phase_sensitive_layer4_rx4_seed0.pt,128,uniform,4,4,1.0,umi_uma_mix_normalized,umi_normalized,umi,umi,,,0.9694739672468663,0.9920617750215911
layer4_rx4,runs/su_mimo_lmmse_umi_uma_matrix_v1/layer4_rx4/umi_normalized/lmmse_ls/bler.csv,5.0,0.9430147058823529,0.1606094260620915,0.17521158854166666,0.3655758491009149,513,544,2176,301956,658818,864,1728,0.5,20,1,34,lmmse_ls,ls,lmmse_ls,su_mimo_phase_sensitive,-1,777000,1,/home/ahhy/projects/phase_invariant_receiver_sionna/checkpoints/generalization/umi_uma_mix_normalized/su_mimo_phase_sensitive_seed0/su_mimo_phase_sensitive_layer4_rx4_seed0.pt,128,uniform,4,4,1.0,umi_uma_mix_normalized,umi_normalized,umi,umi,,,0.9202497072755814,0.9595668751305272
layer4_rx4,runs/su_mimo_lmmse_umi_uma_matrix_v1/layer4_rx4/umi_normalized/lmmse_ls/bler.csv,7.0,0.8648648648648649,0.12717160519894896,0.1520387575075075,0.32051031105033867,512,592,2368,260187,622128,864,1728,0.5,20,1,37,lmmse_ls,ls,lmmse_ls,su_mimo_phase_sensitive,-1,777000,1,/home/ahhy/projects/phase_invariant_receiver_sionna/checkpoints/generalization/umi_uma_mix_normalized/su_mimo_phase_sensitive_seed0/su_mimo_phase_sensitive_layer4_rx4_seed0.pt,128,uniform,4,4,1.0,umi_uma_mix_normalized,umi_normalized,umi,umi,,,0.8349620170154648,0.8900630607208619
layer4_rx4,runs/su_mimo_lmmse_umi_uma_matrix_v1/layer4_rx4/umi_normalized/lmmse_ls/bler.csv,9.0,0.7514880952380952,0.09842311852402998,0.1296173580109127,0.2761875216502571,505,672,2688,228581,602055,864,1728,0.5,20,1,42,lmmse_ls,ls,lmmse_ls,su_mimo_phase_sensitive,-1,777000,1,/home/ahhy/projects/phase_invariant_receiver_sionna/checkpoints/generalization/umi_uma_mix_normalized/su_mimo_phase_sensitive_seed0/su_mimo_phase_sensitive_layer4_rx4_seed0.pt,128,uniform,4,4,1.0,umi_uma_mix_normalized,umi_normalized,umi,umi,,,0.7174466092410623,0.7826706824530449
layer4_rx4,runs/su_mimo_lmmse_umi_uma_matrix_v1/layer4_rx4/umi_normalized/lmmse_ls/bler.csv,11.0,0.6479591836734694,0.07907609658446713,0.11157060480442177,0.23925467755699015,508,784,3136,214257,604602,864,1728,0.5,20,1,49,lmmse_ls,ls,lmmse_ls,su_mimo_phase_sensitive,-1,777000,1,/home/ahhy/projects/phase_invariant_receiver_sionna/checkpoints/generalization/umi_uma_mix_normalized/su_mimo_phase_sensitive_seed0/su_mimo_phase_sensitive_layer4_rx4_seed0.pt,128,uniform,4,4,1.0,umi_uma_mix_normalized,umi_normalized,umi,umi,,,0.6138796994449578,0.6805957910265346
layer4_rx4,runs/su_mimo_lmmse_umi_uma_matrix_v1/layer4_rx4/umi_normalized/lmmse_ls/bler.csv,13.0,0.5681818181818182,0.06262297453703704,0.0953805634469697,0.2059975458716704,500,880,3520,190454,580158,864,1728,0.5,20,1,55,lmmse_ls,ls,lmmse_ls,su_mimo_phase_sensitive,-1,777000,1,/home/ahhy/projects/phase_invariant_receiver_sionna/checkpoints/generalization/umi_uma_mix_normalized/su_mimo_phase_sensitive_seed0/su_mimo_phase_sensitive_layer4_rx4_seed0.pt,128,uniform,4,4,1.0,umi_uma_mix_normalized,umi_normalized,umi,umi,,,0.5352287315083256,0.6005422246992679
layer4_rx4,runs/su_mimo_lmmse_umi_uma_matrix_v1/layer4_rx4/umi_normalized/lmmse_perfect/bler.csv,3.0,0.9053571428571429,0.13706028852513227,0.1610620246362434,0.33577739321996297,507,560,2240,265261,623426,864,1728,0.5,20,1,35,lmmse_perfect,perfect,lmmse_perfect,su_mimo_phase_sensitive,-1,777000,1,/home/ahhy/projects/phase_invariant_receiver_sionna/checkpoints/generalization/umi_uma_mix_normalized/su_mimo_phase_sensitive_seed0/su_mimo_phase_sensitive_layer4_rx4_seed0.pt,128,uniform,4,4,1.0,umi_uma_mix_normalized,umi_normalized,umi,umi,,,0.8782766410439404,0.9269142382318871
layer4_rx4,runs/su_mimo_lmmse_umi_uma_matrix_v1/layer4_rx4/umi_normalized/lmmse_perfect/bler.csv,5.0,0.8060897435897436,0.10576783965455841,0.13846993152006173,0.2918829854510562,503,624,2496,228093,597233,864,1728,0.5,20,1,39,lmmse_perfect,perfect,lmmse_perfect,su_mimo_phase_sensitive,-1,777000,1,/home/ahhy/projects/phase_invariant_receiver_sionna/checkpoints/generalization/umi_uma_mix_normalized/su_mimo_phase_sensitive_seed0/su_mimo_phase_sensitive_layer4_rx4_seed0.pt,128,uniform,4,4,1.0,umi_uma_mix_normalized,umi_normalized,umi,umi,,,0.7732348821454877,0.8351989742575756
layer4_rx4,runs/su_mimo_lmmse_umi_uma_matrix_v1/layer4_rx4/umi_normalized/lmmse_perfect/bler.csv,7.0,0.7027777777777777,0.08143848058127572,0.11818154417438272,0.2514701399783539,506,720,2880,202645,588147,864,1728,0.5,20,1,45,lmmse_perfect,perfect,lmmse_perfect,su_mimo_phase_sensitive,-1,777000,1,/home/ahhy/projects/phase_invariant_receiver_sionna/checkpoints/generalization/umi_uma_mix_normalized/su_mimo_phase_sensitive_seed0/su_mimo_phase_sensitive_layer4_rx4_seed0.pt,128,uniform,4,4,1.0,umi_uma_mix_normalized,umi_normalized,umi,umi,,,0.6683894705073531,0.7350137836744891
layer4_rx4,runs/su_mimo_lmmse_umi_uma_matrix_v1/layer4_rx4/umi_normalized/lmmse_perfect/bler.csv,9.0,0.597877358490566,0.06486565611897274,0.1021306259827044,0.21875482801787924,507,848,3392,190101,598626,864,1728,0.5,20,1,53,lmmse_perfect,perfect,lmmse_perfect,su_mimo_phase_sensitive,-1,777000,1,/home/ahhy/projects/phase_invariant_receiver_sionna/checkpoints/generalization/umi_uma_mix_normalized/su_mimo_phase_sensitive_seed0/su_mimo_phase_sensitive_layer4_rx4_seed0.pt,128,uniform,4,4,1.0,umi_uma_mix_normalized,umi_normalized,umi,umi,,,0.5645058722790791,0.6303660704763411
layer4_rx4,runs/su_mimo_lmmse_umi_uma_matrix_v1/layer4_rx4/umi_normalized/lmmse_perfect/bler.csv,11.0,0.4931640625,0.05007482458043982,0.08658515082465278,0.18662597432180686,505,1024,4096,177212,612840,864,1728,0.5,20,1,64,lmmse_perfect,perfect,lmmse_perfect,su_mimo_phase_sensitive,-1,777000,1,/home/ahhy/projects/phase_invariant_receiver_sionna/checkpoints/generalization/umi_uma_mix_normalized/su_mimo_phase_sensitive_seed0/su_mimo_phase_sensitive_layer4_rx4_seed0.pt,128,uniform,4,4,1.0,umi_uma_mix_normalized,umi_normalized,umi,umi,,,0.4626253016852828,0.5237539206355769
layer4_rx4,runs/su_mimo_lmmse_umi_uma_matrix_v1/layer4_rx4/umi_normalized/lmmse_perfect/bler.csv,13.0,0.41833333333333333,0.03912133487654321,0.0730176986882716,0.15805977244436006,502,1200,4800,162244,605638,864,1728,0.5,20,1,75,lmmse_perfect,perfect,lmmse_perfect,su_mimo_phase_sensitive,-1,777000,1,/home/ahhy/projects/phase_invariant_receiver_sionna/checkpoints/generalization/umi_uma_mix_normalized/su_mimo_phase_sensitive_seed0/su_mimo_phase_sensitive_layer4_rx4_seed0.pt,128,uniform,4,4,1.0,umi_uma_mix_normalized,umi_normalized,umi,umi,,,0.3907275386777052,0.44646032475407477
layer4_rx4,runs/su_mimo_lmmse_umi_uma_matrix_v1/layer4_rx4/uma_normalized/lmmse_ls/bler.csv,3.0,0.998046875,0.1824256049262153,0.19139862060546875,0.40061617449477865,511,512,2048,322797,677349,864,1728,0.5,20,1,32,lmmse_ls,ls,lmmse_ls,su_mimo_phase_sensitive,-1,777000,1,/home/ahhy/projects/phase_invariant_receiver_sionna/checkpoints/generalization/umi_uma_mix_normalized/su_mimo_phase_sensitive_seed0/su_mimo_phase_sensitive_layer4_rx4_seed0.pt,128,uniform,4,4,1.0,umi_uma_mix_normalized,uma_normalized,uma,uma,,,0.9890207217875779,0.9996551422384565
layer4_rx4,runs/su_mimo_lmmse_umi_uma_matrix_v1/layer4_rx4/uma_normalized/lmmse_ls/bler.csv,5.0,0.9430147058823529,0.1414467805351307,0.1660600383816721,0.3558979865512557,513,544,2176,265929,624407,864,1728,0.5,20,1,34,lmmse_ls,ls,lmmse_ls,su_mimo_phase_sensitive,-1,777000,1,/home/ahhy/projects/phase_invariant_receiver_sionna/checkpoints/generalization/umi_uma_mix_normalized/su_mimo_phase_sensitive_seed0/su_mimo_phase_sensitive_layer4_rx4_seed0.pt,128,uniform,4,4,1.0,umi_uma_mix_normalized,uma_normalized,uma,uma,,,0.9202497072755814,0.9595668751305272
layer4_rx4,runs/su_mimo_lmmse_umi_uma_matrix_v1/layer4_rx4/uma_normalized/lmmse_ls/bler.csv,7.0,0.8125,0.11080599329297246,0.14414081048195632,0.31806934570428425,507,624,2496,238958,621692,864,1728,0.5,20,1,39,lmmse_ls,ls,lmmse_ls,su_mimo_phase_sensitive,-1,777000,1,/home/ahhy/projects/phase_invariant_receiver_sionna/checkpoints/generalization/umi_uma_mix_normalized/su_mimo_phase_sensitive_seed0/su_mimo_phase_sensitive_layer4_rx4_seed0.pt,128,uniform,4,4,1.0,umi_uma_mix_normalized,uma_normalized,uma,uma,,,0.7799975440553784,0.8411783826388486
layer4_rx4,runs/su_mimo_lmmse_umi_uma_matrix_v1/layer4_rx4/uma_normalized/lmmse_ls/bler.csv,9.0,0.6942934782608695,0.08977848857689211,0.12600388580666264,0.2932990196246456,511,736,2944,228362,641011,864,1728,0.5,20,1,46,lmmse_ls,ls,lmmse_ls,su_mimo_phase_sensitive,-1,777000,1,/home/ahhy/projects/phase_invariant_receiver_sionna/checkpoints/generalization/umi_uma_mix_normalized/su_mimo_phase_sensitive_seed0/su_mimo_phase_sensitive_layer4_rx4_seed0.pt,128,uniform,4,4,1.0,umi_uma_mix_normalized,uma_normalized,uma,uma,,,0.6600720369217749,0.7264972700428326
layer4_rx4,runs/su_mimo_lmmse_umi_uma_matrix_v1/layer4_rx4/uma_normalized/lmmse_ls/bler.csv,11.0,0.6009615384615384,0.07368908308849716,0.11017558649394586,0.2729193311810833,500,832,3328,211885,633596,864,1728,0.5,20,1,52,lmmse_ls,ls,lmmse_ls,su_mimo_phase_sensitive,-1,777000,1,/home/ahhy/projects/phase_invariant_receiver_sionna/checkpoints/generalization/umi_uma_mix_normalized/su_mimo_phase_sensitive_seed0/su_mimo_phase_sensitive_layer4_rx4_seed0.pt,128,uniform,4,4,1.0,umi_uma_mix_normalized,uma_normalized,uma,uma,,,0.5672959078050543,0.6336991472105638
layer4_rx4,runs/su_mimo_lmmse_umi_uma_matrix_v1/layer4_rx4/uma_normalized/lmmse_ls/bler.csv,13.0,0.5239583333333333,0.062389986014660496,0.09731385030864198,0.2647884904602428,503,960,3840,206995,645728,864,1728,0.5,20,1,60,lmmse_ls,ls,lmmse_ls,su_mimo_phase_sensitive,-1,777000,1,/home/ahhy/projects/phase_invariant_receiver_sionna/checkpoints/generalization/umi_uma_mix_normalized/su_mimo_phase_sensitive_seed0/su_mimo_phase_sensitive_layer4_rx4_seed0.pt,128,uniform,4,4,1.0,umi_uma_mix_normalized,uma_normalized,uma,uma,,,0.49233326895644464,0.5553924224205201
layer4_rx4,runs/su_mimo_lmmse_umi_uma_matrix_v1/layer4_rx4/uma_normalized/lmmse_perfect/bler.csv,3.0,0.847972972972973,0.10086600272147148,0.14351656343843844,0.30398924954541334,502,592,2368,206367,587256,864,1728,0.5,20,1,37,lmmse_perfect,perfect,lmmse_perfect,su_mimo_phase_sensitive,-1,777000,1,/home/ahhy/projects/phase_invariant_receiver_sionna/checkpoints/generalization/umi_uma_mix_normalized/su_mimo_phase_sensitive_seed0/su_mimo_phase_sensitive_layer4_rx4_seed0.pt,128,uniform,4,4,1.0,umi_uma_mix_normalized,uma_normalized,uma,uma,,,0.8168130913250197,0.8746460105901807
layer4_rx4,runs/su_mimo_lmmse_umi_uma_matrix_v1/layer4_rx4/uma_normalized/lmmse_perfect/bler.csv,5.0,0.65625,0.07356168016975309,0.12210911880304784,0.26102228149955653,504,768,3072,195248,648206,864,1728,0.5,20,1,48,lmmse_perfect,perfect,lmmse_perfect,su_mimo_phase_sensitive,-1,777000,1,/home/ahhy/projects/phase_invariant_receiver_sionna/checkpoints/generalization/umi_uma_mix_normalized/su_mimo_phase_sensitive_seed0/su_mimo_phase_sensitive_layer4_rx4_seed0.pt,128,uniform,4,4,1.0,umi_uma_mix_normalized,uma_normalized,uma,uma,,,0.6219559724054691,0.6889887135235544
layer4_rx4,runs/su_mimo_lmmse_umi_uma_matrix_v1/layer4_rx4/uma_normalized/lmmse_perfect/bler.csv,7.0,0.5296610169491526,0.05435217062931576,0.10428375608129316,0.2246069061030252,500,944,3776,177322,680444,864,1728,0.5,20,1,59,lmmse_perfect,perfect,lmmse_perfect,su_mimo_phase_sensitive,-1,777000,1,/home/ahhy/projects/phase_invariant_receiver_sionna/checkpoints/generalization/umi_uma_mix_normalized/su_mimo_phase_sensitive_seed0/su_mimo_phase_sensitive_layer4_rx4_seed0.pt,128,uniform,4,4,1.0,umi_uma_mix_normalized,uma_normalized,uma,uma,,,0.4977656383325033,0.5613159722879852
layer4_rx4,runs/su_mimo_lmmse_umi_uma_matrix_v1/layer4_rx4/uma_normalized/lmmse_perfect/bler.csv,9.0,0.4216666666666667,0.038702498070987655,0.08680531442901235,0.18841673368289147,506,1200,4800,160507,719998,864,1728,0.5,20,1,75,lmmse_perfect,perfect,lmmse_perfect,su_mimo_phase_sensitive,-1,777000,1,/home/ahhy/projects/phase_invariant_receiver_sionna/checkpoints/generalization/umi_uma_mix_normalized/su_mimo_phase_sensitive_seed0/su_mimo_phase_sensitive_layer4_rx4_seed0.pt,128,uniform,4,4,1.0,umi_uma_mix_normalized,uma_normalized,uma,uma,,,0.39401981319873636,0.44981344356235875
layer4_rx4,runs/su_mimo_lmmse_umi_uma_matrix_v1/layer4_rx4/uma_normalized/lmmse_perfect/bler.csv,11.0,0.3400537634408602,0.02796173399542015,0.07245385926921545,0.15803155515451253,506,1488,5952,143794,745192,864,1728,0.5,20,1,93,lmmse_perfect,perfect,lmmse_perfect,su_mimo_phase_sensitive,-1,777000,1,/home/ahhy/projects/phase_invariant_receiver_sionna/checkpoints/generalization/umi_uma_mix_normalized/su_mimo_phase_sensitive_seed0/su_mimo_phase_sensitive_layer4_rx4_seed0.pt,128,uniform,4,4,1.0,umi_uma_mix_normalized,uma_normalized,uma,uma,,,0.31642318053303664,0.36450806240461453
layer4_rx4,runs/su_mimo_lmmse_umi_uma_matrix_v1/layer4_rx4/uma_normalized/lmmse_perfect/bler.csv,13.0,0.259297520661157,0.01960358796296296,0.059604314331764614,0.13083533143136053,502,1936,7744,131164,797603,864,1728,0.5,20,1,121,lmmse_perfect,perfect,lmmse_perfect,su_mimo_phase_sensitive,-1,777000,1,/home/ahhy/projects/phase_invariant_receiver_sionna/checkpoints/generalization/umi_uma_mix_normalized/su_mimo_phase_sensitive_seed0/su_mimo_phase_sensitive_layer4_rx4_seed0.pt,128,uniform,4,4,1.0,umi_uma_mix_normalized,uma_normalized,uma,uma,,,0.24026604846167238,0.27928231681215804
layer4_rx8,runs/su_mimo_lmmse_umi_uma_matrix_v1/layer4_rx8/umi_normalized/lmmse_ls/bler.csv,3.0,0.6742021276595744,0.10386461719365642,0.1272586374605989,0.2882561104987154,507,752,3008,269935,661468,864,1728,0.5,20,1,47,lmmse_ls,ls,lmmse_ls,su_mimo_phase_sensitive,-1,777000,1,/home/ahhy/projects/phase_invariant_receiver_sionna/checkpoints/generalization/umi_uma_mix_normalized/su_mimo_phase_sensitive_seed0/su_mimo_phase_sensitive_layer4_rx8_seed0.pt,125,uniform,4,8,1.0,umi_uma_mix_normalized,umi_normalized,umi,umi,,,0.6398930842067916,0.7067404550658316
layer4_rx8,runs/su_mimo_lmmse_umi_uma_matrix_v1/layer4_rx8/umi_normalized/lmmse_ls/bler.csv,5.0,0.5681818181818182,0.08134798505892256,0.10358401725589225,0.23745416808208633,500,880,3520,247402,630056,864,1728,0.5,20,1,55,lmmse_ls,ls,lmmse_ls,su_mimo_phase_sensitive,-1,777000,1,/home/ahhy/projects/phase_invariant_receiver_sionna/checkpoints/generalization/umi_uma_mix_normalized/su_mimo_phase_sensitive_seed0/su_mimo_phase_sensitive_layer4_rx8_seed0.pt,125,uniform,4,8,1.0,umi_uma_mix_normalized,umi_normalized,umi,umi,,,0.5352287315083256,0.6005422246992679
layer4_rx8,runs/su_mimo_lmmse_umi_uma_matrix_v1/layer4_rx8/umi_normalized/lmmse_ls/bler.csv,7.0,0.45742753623188404,0.06122281560319377,0.08145490514291466,0.18853217891256974,505,1104,4416,233591,621570,864,1728,0.5,20,1,69,lmmse_ls,ls,lmmse_ls,su_mimo_phase_sensitive,-1,777000,1,/home/ahhy/projects/phase_invariant_receiver_sionna/checkpoints/generalization/umi_uma_mix_normalized/su_mimo_phase_sensitive_seed0/su_mimo_phase_sensitive_layer4_rx8_seed0.pt,125,uniform,4,8,1.0,umi_uma_mix_normalized,umi_normalized,umi,umi,,,0.42823889267371945,0.4869114212529106
layer4_rx8,runs/su_mimo_lmmse_umi_uma_matrix_v1/layer4_rx8/umi_normalized/lmmse_ls/bler.csv,9.0,0.3532303370786517,0.04666834913389513,0.06531833580420308,0.15223713304120404,503,1424,5696,229671,642908,864,1728,0.5,20,1,89,lmmse_ls,ls,lmmse_ls,su_mimo_phase_sensitive,-1,777000,1,/home/ahhy/projects/phase_invariant_receiver_sionna/checkpoints/generalization/umi_uma_mix_normalized/su_mimo_phase_sensitive_seed0/su_mimo_phase_sensitive_layer4_rx8_seed0.pt,125,uniform,4,8,1.0,umi_uma_mix_normalized,umi_normalized,umi,umi,,,0.3288300410946732,0.3784203700642511
layer4_rx8,runs/su_mimo_lmmse_umi_uma_matrix_v1/layer4_rx8/umi_normalized/lmmse_ls/bler.csv,11.0,0.28013392857142855,0.03475080217633929,0.05098058306981647,0.11988851268376623,502,1792,7168,215217,631461,864,1728,0.5,20,1,112,lmmse_ls,ls,lmmse_ls,su_mimo_phase_sensitive,-1,777000,1,/home/ahhy/projects/phase_invariant_receiver_sionna/checkpoints/generalization/umi_uma_mix_normalized/su_mimo_phase_sensitive_seed0/su_mimo_phase_sensitive_layer4_rx8_seed0.pt,125,uniform,4,8,1.0,umi_uma_mix_normalized,umi_normalized,umi,umi,,,0.25982957151676117,0.3013789103736895
layer4_rx8,runs/su_mimo_lmmse_umi_uma_matrix_v1/layer4_rx8/umi_normalized/lmmse_ls/bler.csv,13.0,0.22163120567375885,0.025166813394733385,0.0393882132215327,0.09353279023149179,500,2256,9024,196219,614199,864,1728,0.5,20,1,141,lmmse_ls,ls,lmmse_ls,su_mimo_phase_sensitive,-1,777000,1,/home/ahhy/projects/phase_invariant_receiver_sionna/checkpoints/generalization/umi_uma_mix_normalized/su_mimo_phase_sensitive_seed0/su_mimo_phase_sensitive_layer4_rx8_seed0.pt,125,uniform,4,8,1.0,umi_uma_mix_normalized,umi_normalized,umi,umi,,,0.2049733875547468,0.2392354107671284
layer4_rx8,runs/su_mimo_lmmse_umi_uma_matrix_v1/layer4_rx8/umi_normalized/lmmse_perfect/bler.csv,3.0,0.41833333333333333,0.0521752025462963,0.08313802083333334,0.1832654172402841,502,1200,4800,216381,689580,864,1728,0.5,20,1,75,lmmse_perfect,perfect,lmmse_perfect,su_mimo_phase_sensitive,-1,777000,1,/home/ahhy/projects/phase_invariant_receiver_sionna/checkpoints/generalization/umi_uma_mix_normalized/su_mimo_phase_sensitive_seed0/su_mimo_phase_sensitive_layer4_rx8_seed0.pt,125,uniform,4,8,1.0,umi_uma_mix_normalized,umi_normalized,umi,umi,,,0.3907275386777052,0.44646032475407477
layer4_rx8,runs/su_mimo_lmmse_umi_uma_matrix_v1/layer4_rx8/umi_normalized/lmmse_perfect/bler.csv,5.0,0.3294270833333333,0.03941006130642361,0.0669517046139564,0.14834273979067802,506,1536,6144,209205,710815,864,1728,0.5,20,1,96,lmmse_perfect,perfect,lmmse_perfect,su_mimo_phase_sensitive,-1,777000,1,/home/ahhy/projects/phase_invariant_receiver_sionna/checkpoints/generalization/umi_uma_mix_normalized/su_mimo_phase_sensitive_seed0/su_mimo_phase_sensitive_layer4_rx8_seed0.pt,125,uniform,4,8,1.0,umi_uma_mix_normalized,umi_normalized,umi,umi,,,0.30637337100379103,0.3533318557918871
layer4_rx8,runs/su_mimo_lmmse_umi_uma_matrix_v1/layer4_rx8/umi_normalized/lmmse_perfect/bler.csv,7.0,0.25252016129032256,0.0272679118130227,0.05133479584360066,0.11469268115190623,501,1984,7936,186968,703975,864,1728,0.5,20,1,124,lmmse_perfect,perfect,lmmse_perfect,su_mimo_phase_sensitive,-1,777000,1,/home/ahhy/projects/phase_invariant_receiver_sionna/checkpoints/generalization/umi_uma_mix_normalized/su_mimo_phase_sensitive_seed0/su_mimo_phase_sensitive_layer4_rx8_seed0.pt,125,uniform,4,8,1.0,umi_uma_mix_normalized,umi_normalized,umi,umi,,,0.23389367154382046,0.27210314945890635
layer4_rx8,runs/su_mimo_lmmse_umi_uma_matrix_v1/layer4_rx8/umi_normalized/lmmse_perfect/bler.csv,9.0,0.19818037974683544,0.019685654924109237,0.04010779501069503,0.09001829991779918,501,2528,10112,171989,700825,864,1728,0.5,20,1,158,lmmse_perfect,perfect,lmmse_perfect,su_mimo_phase_sensitive,-1,777000,1,/home/ahhy/projects/phase_invariant_receiver_sionna/checkpoints/generalization/umi_uma_mix_normalized/su_mimo_phase_sensitive_seed0/su_mimo_phase_sensitive_layer4_rx8_seed0.pt,125,uniform,4,8,1.0,umi_uma_mix_normalized,umi_normalized,umi,umi,,,0.1831041753028082,0.214172461161311
layer4_rx8,runs/su_mimo_lmmse_umi_uma_matrix_v1/layer4_rx8/umi_normalized/lmmse_perfect/bler.csv,11.0,0.13760964912280702,0.012507963521361274,0.029496994167275827,0.06684511357977686,502,3648,14592,157694,743766,864,1728,0.5,20,1,228,lmmse_perfect,perfect,lmmse_perfect,su_mimo_phase_sensitive,-1,777000,1,/home/ahhy/projects/phase_invariant_receiver_sionna/checkpoints/generalization/umi_uma_mix_normalized/su_mimo_phase_sensitive_seed0/su_mimo_phase_sensitive_layer4_rx8_seed0.pt,125,uniform,4,8,1.0,umi_uma_mix_normalized,umi_normalized,umi,umi,,,0.12681138774970602,0.14917032454132012
layer4_rx8,runs/su_mimo_lmmse_umi_uma_matrix_v1/layer4_rx8/umi_normalized/lmmse_perfect/bler.csv,13.0,0.09905660377358491,0.008020187296179827,0.022131378934457255,0.05056084671890593,504,5088,20352,141028,778322,864,1728,0.5,20,1,318,lmmse_perfect,perfect,lmmse_perfect,su_mimo_phase_sensitive,-1,777000,1,/home/ahhy/projects/phase_invariant_receiver_sionna/checkpoints/generalization/umi_uma_mix_normalized/su_mimo_phase_sensitive_seed0/su_mimo_phase_sensitive_layer4_rx8_seed0.pt,125,uniform,4,8,1.0,umi_uma_mix_normalized,umi_normalized,umi,umi,,,0.0911480897768685,0.10757008850966512
layer4_rx8,runs/su_mimo_lmmse_umi_uma_matrix_v1/layer4_rx8/uma_normalized/lmmse_ls/bler.csv,3.0,0.6139705882352942,0.07894234806190994,0.11447252150281409,0.27307405624168024,501,816,3264,222625,645647,864,1728,0.5,20,1,51,lmmse_ls,ls,lmmse_ls,su_mimo_phase_sensitive,-1,777000,1,/home/ahhy/projects/phase_invariant_receiver_sionna/checkpoints/generalization/umi_uma_mix_normalized/su_mimo_phase_sensitive_seed0/su_mimo_phase_sensitive_layer4_rx8_seed0.pt,125,uniform,4,8,1.0,umi_uma_mix_normalized,uma_normalized,uma,uma,,,0.5801075198456361,0.6467656127567977
layer4_rx8,runs/su_mimo_lmmse_umi_uma_matrix_v1/layer4_rx8/uma_normalized/lmmse_ls/bler.csv,5.0,0.4357638888888889,0.05563517754951132,0.08791109563882459,0.21922177848992525,502,1152,4608,221501,700003,864,1728,0.5,20,1,72,lmmse_ls,ls,lmmse_ls,su_mimo_phase_sensitive,-1,777000,1,/home/ahhy/projects/phase_invariant_receiver_sionna/checkpoints/generalization/umi_uma_mix_normalized/su_mimo_phase_sensitive_seed0/su_mimo_phase_sensitive_layer4_rx8_seed0.pt,125,uniform,4,8,1.0,umi_uma_mix_normalized,uma_normalized,uma,uma,,,0.4073904745212003,0.46456428288038615
layer4_rx8,runs/su_mimo_lmmse_umi_uma_matrix_v1/layer4_rx8/uma_normalized/lmmse_ls/bler.csv,7.0,0.328125,0.04162559980227624,0.06768280782817322,0.1826437669403759,504,1536,6144,220966,718577,864,1728,0.5,20,1,96,lmmse_ls,ls,lmmse_ls,su_mimo_phase_sensitive,-1,777000,1,/home/ahhy/projects/phase_invariant_receiver_sionna/checkpoints/generalization/umi_uma_mix_normalized/su_mimo_phase_sensitive_seed0/su_mimo_phase_sensitive_layer4_rx8_seed0.pt,125,uniform,4,8,1.0,umi_uma_mix_normalized,uma_normalized,uma,uma,,,0.30509817739837747,0.3520093793728402
layer4_rx8,runs/su_mimo_lmmse_umi_uma_matrix_v1/layer4_rx8/uma_normalized/lmmse_ls/bler.csv,9.0,0.24321705426356588,0.03169243916881998,0.052014359926787254,0.1612048156638615,502,2064,8256,226068,742056,864,1728,0.5,20,1,129,lmmse_ls,ls,lmmse_ls,su_mimo_phase_sensitive,-1,777000,1,/home/ahhy/projects/phase_invariant_receiver_sionna/checkpoints/generalization/umi_uma_mix_normalized/su_mimo_phase_sensitive_seed0/su_mimo_phase_sensitive_layer4_rx8_seed0.pt,125,uniform,4,8,1.0,umi_uma_mix_normalized,uma_normalized,uma,uma,,,0.2251964312002657,0.2621917360702918
layer4_rx8,runs/su_mimo_lmmse_umi_uma_matrix_v1/layer4_rx8/uma_normalized/lmmse_ls/bler.csv,11.0,0.20072115384615385,0.024689619131350902,0.040387304872981956,0.1572651698944802,501,2496,9984,212977,696776,864,1728,0.5,20,1,156,lmmse_ls,ls,lmmse_ls,su_mimo_phase_sensitive,-1,777000,1,/home/ahhy/projects/phase_invariant_receiver_sionna/checkpoints/generalization/umi_uma_mix_normalized/su_mimo_phase_sensitive_seed0/su_mimo_phase_sensitive_layer4_rx8_seed0.pt,125,uniform,4,8,1.0,umi_uma_mix_normalized,uma_normalized,uma,uma,,,0.18547294466124944,0.21688915525175947
layer4_rx8,runs/su_mimo_lmmse_umi_uma_matrix_v1/layer4_rx8/uma_normalized/lmmse_ls/bler.csv,13.0,0.16361256544502617,0.01982969143882102,0.03244783713278069,0.17470435560362177,500,3056,12224,209432,685398,864,1728,0.5,20,1,191,lmmse_ls,ls,lmmse_ls,su_mimo_phase_sensitive,-1,777000,1,/home/ahhy/projects/phase_invariant_receiver_sionna/checkpoints/generalization/umi_uma_mix_normalized/su_mimo_phase_sensitive_seed0/su_mimo_phase_sensitive_layer4_rx8_seed0.pt,125,uniform,4,8,1.0,umi_uma_mix_normalized,uma_normalized,uma,uma,,,0.15092085567375235,0.1771489062176329
layer4_rx8,runs/su_mimo_lmmse_umi_uma_matrix_v1/layer4_rx8/uma_normalized/lmmse_perfect/bler.csv,3.0,0.23684210526315788,0.024413926526385406,0.060948609044312166,0.1393362840415043,504,2128,8512,179549,896477,864,1728,0.5,20,1,133,lmmse_perfect,perfect,lmmse_perfect,su_mimo_phase_sensitive,-1,777000,1,/home/ahhy/projects/phase_invariant_receiver_sionna/checkpoints/generalization/umi_uma_mix_normalized/su_mimo_phase_sensitive_seed0/su_mimo_phase_sensitive_layer4_rx8_seed0.pt,125,uniform,4,8,1.0,umi_uma_mix_normalized,uma_normalized,uma,uma,,,0.21926297760372734,0.25536962447561823
layer4_rx8,runs/su_mimo_lmmse_umi_uma_matrix_v1/layer4_rx8/uma_normalized/lmmse_perfect/bler.csv,5.0,0.16744652406417113,0.015911740722172708,0.04392011993402159,0.100947806022502,501,2992,11968,164533,908299,864,1728,0.5,20,1,187,lmmse_perfect,perfect,lmmse_perfect,su_mimo_phase_sensitive,-1,777000,1,/home/ahhy/projects/phase_invariant_receiver_sionna/checkpoints/generalization/umi_uma_mix_normalized/su_mimo_phase_sensitive_seed0/su_mimo_phase_sensitive_layer4_rx8_seed0.pt,125,uniform,4,8,1.0,umi_uma_mix_normalized,uma_normalized,uma,uma,,,0.15449610361175292,0.18124978703248745
layer4_rx8,runs/su_mimo_lmmse_umi_uma_matrix_v1/layer4_rx8/uma_normalized/lmmse_perfect/bler.csv,7.0,0.12525,0.010120008680555556,0.031931098090277776,0.07371333461337619,501,4000,16000,139899,882831,864,1728,0.5,20,1,250,lmmse_perfect,perfect,lmmse_perfect,su_mimo_phase_sensitive,-1,777000,1,/home/ahhy/projects/phase_invariant_receiver_sionna/checkpoints/generalization/umi_uma_mix_normalized/su_mimo_phase_sensitive_seed0/su_mimo_phase_sensitive_layer4_rx8_seed0.pt,125,uniform,4,8,1.0,umi_uma_mix_normalized,uma_normalized,uma,uma,,,0.11535049573146115,0.1358686070141701
layer4_rx8,runs/su_mimo_lmmse_umi_uma_matrix_v1/layer4_rx8/uma_normalized/lmmse_perfect/bler.csv,9.0,0.08813202247191011,0.00642730928786933,0.022986683109329484,0.05307474063303984,502,5696,22784,126524,905003,864,1728,0.5,20,1,356,lmmse_perfect,perfect,lmmse_perfect,su_mimo_phase_sensitive,-1,777000,1,/home/ahhy/projects/phase_invariant_receiver_sionna/checkpoints/generalization/umi_uma_mix_normalized/su_mimo_phase_sensitive_seed0/su_mimo_phase_sensitive_layer4_rx8_seed0.pt,125,uniform,4,8,1.0,umi_uma_mix_normalized,uma_normalized,uma,uma,,,0.08104485049744962,0.09577435861599441
layer4_rx8,runs/su_mimo_lmmse_umi_uma_matrix_v1/layer4_rx8/uma_normalized/lmmse_perfect/bler.csv,11.0,0.055938612099644125,0.0036129401546230394,0.016158106331142084,0.037591290675055546,503,8992,35968,112277,1004270,864,1728,0.5,20,1,562,lmmse_perfect,perfect,lmmse_perfect,su_mimo_phase_sensitive,-1,777000,1,/home/ahhy/projects/phase_invariant_receiver_sionna/checkpoints/generalization/umi_uma_mix_normalized/su_mimo_phase_sensitive_seed0/su_mimo_phase_sensitive_layer4_rx8_seed0.pt,125,uniform,4,8,1.0,umi_uma_mix_normalized,uma_normalized,uma,uma,,,0.05137566129989328,0.06088081447764658
layer4_rx8,runs/su_mimo_lmmse_umi_uma_matrix_v1/layer4_rx8/uma_normalized/lmmse_perfect/bler.csv,13.0,0.03720238095238095,0.0022367285672949735,0.011656885971257715,0.02722488729779262,500,13440,53760,103893,1082893,864,1728,0.5,20,1,840,lmmse_perfect,perfect,lmmse_perfect,su_mimo_phase_sensitive,-1,777000,1,/home/ahhy/projects/phase_invariant_receiver_sionna/checkpoints/generalization/umi_uma_mix_normalized/su_mimo_phase_sensitive_seed0/su_mimo_phase_sensitive_layer4_rx8_seed0.pt,125,uniform,4,8,1.0,umi_uma_mix_normalized,uma_normalized,uma,uma,,,0.034132704941086174,0.04053653761845468
layer4_rx16,runs/su_mimo_lmmse_umi_uma_matrix_v1/layer4_rx16/umi_normalized/lmmse_ls/bler.csv,3.0,0.4120065789473684,0.07238150851303607,0.08251013207389132,0.21382806094301607,501,1216,4864,304183,693497,864,1728,0.5,20,1,76,lmmse_ls,ls,lmmse_ls,su_mimo_phase_sensitive,-1,777000,1,/home/ahhy/projects/phase_invariant_receiver_sionna/checkpoints/generalization/umi_uma_mix_normalized/su_mimo_phase_sensitive_seed0/su_mimo_phase_sensitive_layer4_rx16_seed0.pt,130,uniform,4,16,1.0,umi_uma_mix_normalized,umi_normalized,umi,umi,,,0.3846615915474888,0.43990577460279046
layer4_rx16,runs/su_mimo_lmmse_umi_uma_matrix_v1/layer4_rx16/umi_normalized/lmmse_ls/bler.csv,5.0,0.32206632653061223,0.053140168827947844,0.0621393251310941,0.16336271678148934,505,1568,6272,287967,673467,864,1728,0.5,20,1,98,lmmse_ls,ls,lmmse_ls,su_mimo_phase_sensitive,-1,777000,1,/home/ahhy/projects/phase_invariant_receiver_sionna/checkpoints/generalization/umi_uma_mix_normalized/su_mimo_phase_sensitive_seed0/su_mimo_phase_sensitive_layer4_rx16_seed0.pt,130,uniform,4,16,1.0,umi_uma_mix_normalized,umi_normalized,umi,umi,,,0.2993971960733343,0.3456051692296838
layer4_rx16,runs/su_mimo_lmmse_umi_uma_matrix_v1/layer4_rx16/umi_normalized/lmmse_ls/bler.csv,7.0,0.25665983606557374,0.038246029713114756,0.04671809480779447,0.12512126295365344,501,1952,7808,258012,630331,864,1728,0.5,20,1,122,lmmse_ls,ls,lmmse_ls,su_mimo_phase_sensitive,-1,777000,1,/home/ahhy/projects/phase_invariant_receiver_sionna/checkpoints/generalization/umi_uma_mix_normalized/su_mimo_phase_sensitive_seed0/su_mimo_phase_sensitive_layer4_rx16_seed0.pt,130,uniform,4,16,1.0,umi_uma_mix_normalized,umi_normalized,umi,umi,,,0.23777416804416845,0.2765013905827472
layer4_rx16,runs/su_mimo_lmmse_umi_uma_matrix_v1/layer4_rx16/umi_normalized/lmmse_ls/bler.csv,9.0,0.196484375,0.026858859592013888,0.034938501428674766,0.09476327777460769,503,2560,10240,237630,618227,864,1728,0.5,20,1,160,lmmse_ls,ls,lmmse_ls,su_mimo_phase_sensitive,-1,777000,1,/home/ahhy/projects/phase_invariant_receiver_sionna/checkpoints/generalization/umi_uma_mix_normalized/su_mimo_phase_sensitive_seed0/su_mimo_phase_sensitive_layer4_rx16_seed0.pt,130,uniform,4,16,1.0,umi_uma_mix_normalized,umi_normalized,umi,umi,,,0.18155215708530467,0.21232612089729616
layer4_rx16,runs/su_mimo_lmmse_umi_uma_matrix_v1/layer4_rx16/umi_normalized/lmmse_ls/bler.csv,11.0,0.1448732718894009,0.018337173579109065,0.02544400341621864,0.0704379934314616,503,3472,13888,220032,610617,864,1728,0.5,20,1,217,lmmse_ls,ls,lmmse_ls,su_mimo_phase_sensitive,-1,777000,1,/home/ahhy/projects/phase_invariant_receiver_sionna/checkpoints/generalization/umi_uma_mix_normalized/su_mimo_phase_sensitive_seed0/su_mimo_phase_sensitive_layer4_rx16_seed0.pt,130,uniform,4,16,1.0,umi_uma_mix_normalized,umi_normalized,umi,umi,,,0.13355805180373218,0.15697345568433366
layer4_rx16,runs/su_mimo_lmmse_umi_uma_matrix_v1/layer4_rx16/umi_normalized/lmmse_ls/bler.csv,13.0,0.10080645161290322,0.011171373301224611,0.017556686127912186,0.05042253346577411,500,4960,19840,191497,601905,864,1728,0.5,20,1,310,lmmse_ls,ls,lmmse_ls,su_mimo_phase_sensitive,-1,777000,1,/home/ahhy/projects/phase_invariant_receiver_sionna/checkpoints/generalization/umi_uma_mix_normalized/su_mimo_phase_sensitive_seed0/su_mimo_phase_sensitive_layer4_rx16_seed0.pt,130,uniform,4,16,1.0,umi_uma_mix_normalized,umi_normalized,umi,umi,,,0.0927342036261878,0.10949656203150225
layer4_rx16,runs/su_mimo_lmmse_umi_uma_matrix_v1/layer4_rx16/umi_normalized/lmmse_perfect/bler.csv,3.0,0.18900602409638553,0.02265006205377064,0.0412810094544846,0.09313461289561151,502,2656,10624,207908,757848,864,1728,0.5,20,1,166,lmmse_perfect,perfect,lmmse_perfect,su_mimo_phase_sensitive,-1,777000,1,/home/ahhy/projects/phase_invariant_receiver_sionna/checkpoints/generalization/umi_uma_mix_normalized/su_mimo_phase_sensitive_seed0/su_mimo_phase_sensitive_layer4_rx16_seed0.pt,130,uniform,4,16,1.0,umi_uma_mix_normalized,umi_normalized,umi,umi,,,0.17456963341183052,0.2043407168567698
layer4_rx16,runs/su_mimo_lmmse_umi_uma_matrix_v1/layer4_rx16/umi_normalized/lmmse_perfect/bler.csv,5.0,0.13706140350877194,0.014637808895792723,0.030860866177306694,0.07031738580899861,500,3648,14592,184546,778156,864,1728,0.5,20,1,228,lmmse_perfect,perfect,lmmse_perfect,su_mimo_phase_sensitive,-1,777000,1,/home/ahhy/projects/phase_invariant_receiver_sionna/checkpoints/generalization/umi_uma_mix_normalized/su_mimo_phase_sensitive_seed0/su_mimo_phase_sensitive_layer4_rx16_seed0.pt,130,uniform,4,16,1.0,umi_uma_mix_normalized,umi_normalized,umi,umi,,,0.12628242350216498,0.1486039509859732
layer4_rx16,runs/su_mimo_lmmse_umi_uma_matrix_v1/layer4_rx16/umi_normalized/lmmse_perfect/bler.csv,7.0,0.09356287425149701,0.008943646994206033,0.02218533852434021,0.051190156032727654,500,5344,21376,165179,819476,864,1728,0.5,20,1,334,lmmse_perfect,perfect,lmmse_perfect,su_mimo_phase_sensitive,-1,777000,1,/home/ahhy/projects/phase_invariant_receiver_sionna/checkpoints/generalization/umi_uma_mix_normalized/su_mimo_phase_sensitive_seed0/su_mimo_phase_sensitive_layer4_rx16_seed0.pt,130,uniform,4,16,1.0,umi_uma_mix_normalized,umi_normalized,umi,umi,,,0.08604425005751469,0.10166540187410054
layer4_rx16,runs/su_mimo_lmmse_umi_uma_matrix_v1/layer4_rx16/umi_normalized/lmmse_perfect/bler.csv,9.0,0.06163877952755906,0.005141762471748323,0.015542124617235345,0.03624488549026152,501,8128,32512,144434,873168,864,1728,0.5,20,1,508,lmmse_perfect,perfect,lmmse_perfect,su_mimo_phase_sensitive,-1,777000,1,/home/ahhy/projects/phase_invariant_receiver_sionna/checkpoints/generalization/umi_uma_mix_normalized/su_mimo_phase_sensitive_seed0/su_mimo_phase_sensitive_layer4_rx16_seed0.pt,130,uniform,4,16,1.0,umi_uma_mix_normalized,umi_normalized,umi,umi,,,0.05661460121034717,0.06707711903705724
layer4_rx16,runs/su_mimo_lmmse_umi_uma_matrix_v1/layer4_rx16/umi_normalized/lmmse_perfect/bler.csv,11.0,0.03935768261964735,0.0029475897792471313,0.01074334909827176,0.02529790071612939,500,12704,50816,129414,943374,864,1728,0.5,20,1,794,lmmse_perfect,perfect,lmmse_perfect,su_mimo_phase_sensitive,-1,777000,1,/home/ahhy/projects/phase_invariant_receiver_sionna/checkpoints/generalization/umi_uma_mix_normalized/su_mimo_phase_sensitive_seed0/su_mimo_phase_sensitive_layer4_rx16_seed0.pt,130,uniform,4,16,1.0,umi_uma_mix_normalized,umi_normalized,umi,umi,,,0.0361133546797702,0.04288050608514464
layer4_rx16,runs/su_mimo_lmmse_umi_uma_matrix_v1/layer4_rx16/umi_normalized/lmmse_perfect/bler.csv,13.0,0.0228,0.0014773292824074075,0.00702650462962963,0.01672891027376366,456,20000,80000,102113,971344,864,1728,0.5,20,0,1250,lmmse_perfect,perfect,lmmse_perfect,su_mimo_phase_sensitive,-1,777000,1,/home/ahhy/projects/phase_invariant_receiver_sionna/checkpoints/generalization/umi_uma_mix_normalized/su_mimo_phase_sensitive_seed0/su_mimo_phase_sensitive_layer4_rx16_seed0.pt,130,uniform,4,16,1.0,umi_uma_mix_normalized,umi_normalized,umi,umi,,,0.020821134384254775,0.024962144827691473
layer4_rx16,runs/su_mimo_lmmse_umi_uma_matrix_v1/layer4_rx16/uma_normalized/lmmse_ls/bler.csv,3.0,0.23367537313432835,0.035734953703703706,0.05330774782770177,0.15878357176888774,501,2144,8576,264784,789985,864,1728,0.5,20,1,134,lmmse_ls,ls,lmmse_ls,su_mimo_phase_sensitive,-1,777000,1,/home/ahhy/projects/phase_invariant_receiver_sionna/checkpoints/generalization/umi_uma_mix_normalized/su_mimo_phase_sensitive_seed0/su_mimo_phase_sensitive_layer4_rx16_seed0.pt,130,uniform,4,16,1.0,umi_uma_mix_normalized,uma_normalized,uma,uma,,,0.21624920275803516,0.2520541977047565
layer4_rx16,runs/su_mimo_lmmse_umi_uma_matrix_v1/layer4_rx16/uma_normalized/lmmse_ls/bler.csv,5.0,0.17273351648351648,0.027099013182997556,0.03846417164288258,0.13123195007364585,503,2912,11648,272721,774197,864,1728,0.5,20,1,182,lmmse_ls,ls,lmmse_ls,su_mimo_phase_sensitive,-1,777000,1,/home/ahhy/projects/phase_invariant_receiver_sionna/checkpoints/generalization/umi_uma_mix_normalized/su_mimo_phase_sensitive_seed0/su_mimo_phase_sensitive_layer4_rx16_seed0.pt,130,uniform,4,16,1.0,umi_uma_mix_normalized,uma_normalized,uma,uma,,,0.15943717114690753,0.18689217257163693
layer4_rx16,runs/su_mimo_lmmse_umi_uma_matrix_v1/layer4_rx16/uma_normalized/lmmse_ls/bler.csv,7.0,0.13465665236051502,0.020530398709465904,0.02854869710946193,0.1273710984974138,502,3728,14912,264513,735641,864,1728,0.5,20,1,233,lmmse_ls,ls,lmmse_ls,su_mimo_phase_sensitive,-1,777000,1,/home/ahhy/projects/phase_invariant_receiver_sionna/checkpoints/generalization/umi_uma_mix_normalized/su_mimo_phase_sensitive_seed0/su_mimo_phase_sensitive_layer4_rx16_seed0.pt,130,uniform,4,16,1.0,umi_uma_mix_normalized,uma_normalized,uma,uma,,,0.12407424188439975,0.14599121238041884
layer4_rx16,runs/su_mimo_lmmse_umi_uma_matrix_v1/layer4_rx16/uma_normalized/lmmse_ls/bler.csv,9.0,0.10665529010238908,0.01595237248767539,0.021780454529294654,0.14050577016037102,500,4688,18752,258456,705762,864,1728,0.5,20,1,293,lmmse_ls,ls,lmmse_ls,su_mimo_phase_sensitive,-1,777000,1,/home/ahhy/projects/phase_invariant_receiver_sionna/checkpoints/generalization/umi_uma_mix_normalized/su_mimo_phase_sensitive_seed0/su_mimo_phase_sensitive_layer4_rx16_seed0.pt,130,uniform,4,16,1.0,umi_uma_mix_normalized,uma_normalized,uma,uma,,,0.09813910459037845,0.11581557986160046
layer4_rx16,runs/su_mimo_lmmse_umi_uma_matrix_v1/layer4_rx16/uma_normalized/lmmse_ls/bler.csv,11.0,0.08561643835616438,0.01274986325152207,0.017047530996321666,0.17383805798552837,500,5840,23360,257331,688142,864,1728,0.5,20,1,365,lmmse_ls,ls,lmmse_ls,su_mimo_phase_sensitive,-1,777000,1,/home/ahhy/projects/phase_invariant_receiver_sionna/checkpoints/generalization/umi_uma_mix_normalized/su_mimo_phase_sensitive_seed0/su_mimo_phase_sensitive_layer4_rx16_seed0.pt,130,uniform,4,16,1.0,umi_uma_mix_normalized,uma_normalized,uma,uma,,,0.07870998987210129,0.093067678275534
layer4_rx16,runs/su_mimo_lmmse_umi_uma_matrix_v1/layer4_rx16/uma_normalized/lmmse_ls/bler.csv,13.0,0.07281976744186046,0.01098796834625323,0.013915426827627045,0.24307883706723535,501,6880,27520,261264,661742,864,1728,0.5,20,1,430,lmmse_ls,ls,lmmse_ls,su_mimo_phase_sensitive,-1,777000,1,/home/ahhy/projects/phase_invariant_receiver_sionna/checkpoints/generalization/umi_uma_mix_normalized/su_mimo_phase_sensitive_seed0/su_mimo_phase_sensitive_layer4_rx16_seed0.pt,130,uniform,4,16,1.0,umi_uma_mix_normalized,uma_normalized,uma,uma,,,0.06691534716784507,0.0792009550215156
layer4_rx16,runs/su_mimo_lmmse_umi_uma_matrix_v1/layer4_rx16/uma_normalized/lmmse_perfect/bler.csv,3.0,0.06483402489626557,0.006683570037555709,0.01917822723365222,0.04506515607808031,500,7712,30848,178135,1022302,864,1728,0.5,20,1,482,lmmse_perfect,perfect,lmmse_perfect,su_mimo_phase_sensitive,-1,777000,1,/home/ahhy/projects/phase_invariant_receiver_sionna/checkpoints/generalization/umi_uma_mix_normalized/su_mimo_phase_sensitive_seed0/su_mimo_phase_sensitive_layer4_rx16_seed0.pt,130,uniform,4,16,1.0,umi_uma_mix_normalized,uma_normalized,uma,uma,,,0.05955223697265332,0.07054912192360939
layer4_rx16,runs/su_mimo_lmmse_umi_uma_matrix_v1/layer4_rx16/uma_normalized/lmmse_perfect/bler.csv,5.0,0.0419451871657754,0.003771148216230937,0.01263428943231333,0.02981719572486636,502,11968,47872,155980,1045144,864,1728,0.5,20,1,748,lmmse_perfect,perfect,lmmse_perfect,su_mimo_phase_sensitive,-1,777000,1,/home/ahhy/projects/phase_invariant_receiver_sionna/checkpoints/generalization/umi_uma_mix_normalized/su_mimo_phase_sensitive_seed0/su_mimo_phase_sensitive_layer4_rx16_seed0.pt,130,uniform,4,16,1.0,umi_uma_mix_normalized,uma_normalized,uma,uma,,,0.03849825405035993,0.04568607651293282
layer4_rx16,runs/su_mimo_lmmse_umi_uma_matrix_v1/layer4_rx16/uma_normalized/lmmse_perfect/bler.csv,7.0,0.02551955990220049,0.001988159094939479,0.008334186709057775,0.019781348612781892,501,19632,78528,134893,1130919,864,1728,0.5,20,1,1227,lmmse_perfect,perfect,lmmse_perfect,su_mimo_phase_sensitive,-1,777000,1,/home/ahhy/projects/phase_invariant_receiver_sionna/checkpoints/generalization/umi_uma_mix_normalized/su_mimo_phase_sensitive_seed0/su_mimo_phase_sensitive_layer4_rx16_seed0.pt,130,uniform,4,16,1.0,umi_uma_mix_normalized,uma_normalized,uma,uma,,,0.023404732323105516,0.027820037490304036
layer4_rx16,runs/su_mimo_lmmse_umi_uma_matrix_v1/layer4_rx16/uma_normalized/lmmse_perfect/bler.csv,9.0,0.01585,0.0010449363425925925,0.005408854166666667,0.012939813998942609,317,20000,80000,72226,747720,864,1728,0.5,20,0,1250,lmmse_perfect,perfect,lmmse_perfect,su_mimo_phase_sensitive,-1,777000,1,/home/ahhy/projects/phase_invariant_receiver_sionna/checkpoints/generalization/umi_uma_mix_normalized/su_mimo_phase_sensitive_seed0/su_mimo_phase_sensitive_layer4_rx16_seed0.pt,130,uniform,4,16,1.0,umi_uma_mix_normalized,uma_normalized,uma,uma,,,0.014209719536812656,0.017676228976313445
layer4_rx16,runs/su_mimo_lmmse_umi_uma_matrix_v1/layer4_rx16/uma_normalized/lmmse_perfect/bler.csv,11.0,0.0086,0.0005093026620370371,0.003431177662037037,0.008271213630148254,172,20000,80000,35203,474326,864,1728,0.5,20,0,1250,lmmse_perfect,perfect,lmmse_perfect,su_mimo_phase_sensitive,-1,777000,1,/home/ahhy/projects/phase_invariant_receiver_sionna/checkpoints/generalization/umi_uma_mix_normalized/su_mimo_phase_sensitive_seed0/su_mimo_phase_sensitive_layer4_rx16_seed0.pt,130,uniform,4,16,1.0,umi_uma_mix_normalized,uma_normalized,uma,uma,,,0.007411318531531258,0.009977414504408368
layer4_rx16,runs/su_mimo_lmmse_umi_uma_matrix_v1/layer4_rx16/uma_normalized/lmmse_perfect/bler.csv,13.0,0.0042,0.0002474537037037037,0.0021258969907407407,0.005154753671734408,84,20000,80000,17104,293884,864,1728,0.5,20,0,1250,lmmse_perfect,perfect,lmmse_perfect,su_mimo_phase_sensitive,-1,777000,1,/home/ahhy/projects/phase_invariant_receiver_sionna/checkpoints/generalization/umi_uma_mix_normalized/su_mimo_phase_sensitive_seed0/su_mimo_phase_sensitive_layer4_rx16_seed0.pt,130,uniform,4,16,1.0,umi_uma_mix_normalized,uma_normalized,uma,uma,,,0.0033939739136571233,0.005196449039576223
